source_crop_id,source_split,source_image_id,source_image_path,annotation_id,label,bbox_x,bbox_y,bbox_width,bbox_height,bbox_area,crop_width,crop_height,padding,source_crop_path
DJI_20250911105230_0252_V__1250,test,DJI_20250911105230_0252_V,data/raw/tower_vision/v2026-04-16/extracted/imagens_torres_300/images/default/DJI_20250911105230_0252_V.jpg,1250,isoladores,2452.0,1172.0,36.0,209.4,7538.4,164,338,64,data/synthetic/tower_vision/v2026-04-16/anomaly_controlled_v1/source_crops/test/DJI_20250911105230_0252_V__1250__isoladores.png
DJI_20250911105230_0252_V__1251,test,DJI_20250911105230_0252_V,data/raw/tower_vision/v2026-04-16/extracted/imagens_torres_300/images/default/DJI_20250911105230_0252_V.jpg,1251,isoladores,2931.44,844.0,35.0,210.8,7378.0,164,339,64,data/synthetic/tower_vision/v2026-04-16/anomaly_controlled_v1/source_crops/test/DJI_20250911105230_0252_V__1251__isoladores.png
DJI_20250911105230_0252_V__1254,test,DJI_20250911105230_0252_V,data/raw/tower_vision/v2026-04-16/extracted/imagens_torres_300/images/default/DJI_20250911105230_0252_V.jpg,1254,isoladores,2713.7,1017.0,29.4,211.5,6218.1,159,340,64,data/synthetic/tower_vision/v2026-04-16/anomaly_controlled_v1/source_crops/test/DJI_20250911105230_0252_V__1254__isoladores.png
DJI_20250911105231_0253_V__1256,test,DJI_20250911105231_0253_V,data/raw/tower_vision/v2026-04-16/extracted/imagens_torres_300/images/default/DJI_20250911105231_0253_V.jpg,1256,isoladores,2712.2,1020.4,30.7,208.68,6406.48,159,338,64,data/synthetic/tower_vision/v2026-04-16/anomaly_controlled_v1/source_crops/test/DJI_20250911105231_0253_V__1256__isoladores.png
DJI_20250911105231_0253_V__1257,test,DJI_20250911105231_0253_V,data/raw/tower_vision/v2026-04-16/extracted/imagens_torres_300/images/default/DJI_20250911105231_0253_V.jpg,1257,isoladores,2935.0,853.0,33.7,200.9,6770.33,162,329,64,data/synthetic/tower_vision/v2026-04-16/anomaly_controlled_v1/source_crops/test/DJI_20250911105231_0253_V__1257__isoladores.png
DJI_20250911105231_0253_V__1258,test,DJI_20250911105231_0253_V,data/raw/tower_vision/v2026-04-16/extracted/imagens_torres_300/images/default/DJI_20250911105231_0253_V.jpg,1258,isoladores,2448.0,1164.1,37.0,216.9,8025.3,165,345,64,data/synthetic/tower_vision/v2026-04-16/anomaly_controlled_v1/source_crops/test/DJI_20250911105231_0253_V__1258__isoladores.png
DJI_20250911105231_0254_V__1260,test,DJI_20250911105231_0254_V,data/raw/tower_vision/v2026-04-16/extracted/imagens_torres_300/images/default/DJI_20250911105231_0254_V.jpg,1260,isoladores,2710.4,1019.2,34.0,204.0,6936.0,163,333,64,data/synthetic/tower_vision/v2026-04-16/anomaly_controlled_v1/source_crops/test/DJI_20250911105231_0254_V__1260__isoladores.png
DJI_20250911105231_0254_V__1263,test,DJI_20250911105231_0254_V,data/raw/tower_vision/v2026-04-16/extracted/imagens_torres_300/images/default/DJI_20250911105231_0254_V.jpg,1263,isoladores,2443.51,1162.5,38.0,212.53,8076.14,167,342,64,data/synthetic/tower_vision/v2026-04-16/anomaly_controlled_v1/source_crops/test/DJI_20250911105231_0254_V__1263__isoladores.png
DJI_20250911105231_0254_V__1264,test,DJI_20250911105231_0254_V,data/raw/tower_vision/v2026-04-16/extracted/imagens_torres_300/images/default/DJI_20250911105231_0254_V.jpg,1264,isoladores,2937.1,850.92,34.66,199.4,6911.2,163,329,64,data/synthetic/tower_vision/v2026-04-16/anomaly_controlled_v1/source_crops/test/DJI_20250911105231_0254_V__1264__isoladores.png
DJI_20250911105232_0255_V__1266,test,DJI_20250911105232_0255_V,data/raw/tower_vision/v2026-04-16/extracted/imagens_torres_300/images/default/DJI_20250911105232_0255_V.jpg,1266,isoladores,2706.0,1017.24,37.0,207.0,7659.0,165,336,64,data/synthetic/tower_vision/v2026-04-16/anomaly_controlled_v1/source_crops/test/DJI_20250911105232_0255_V__1266__isoladores.png
DJI_20250911105232_0255_V__1267,test,DJI_20250911105232_0255_V,data/raw/tower_vision/v2026-04-16/extracted/imagens_torres_300/images/default/DJI_20250911105232_0255_V.jpg,1267,isoladores,2938.7,854.94,36.14,197.0,7119.58,165,326,64,data/synthetic/tower_vision/v2026-04-16/anomaly_controlled_v1/source_crops/test/DJI_20250911105232_0255_V__1267__isoladores.png
DJI_20250911105232_0255_V__1268,test,DJI_20250911105232_0255_V,data/raw/tower_vision/v2026-04-16/extracted/imagens_torres_300/images/default/DJI_20250911105232_0255_V.jpg,1268,isoladores,2438.0,1163.1,37.0,205.9,7618.3,165,334,64,data/synthetic/tower_vision/v2026-04-16/anomaly_controlled_v1/source_crops/test/DJI_20250911105232_0255_V__1268__isoladores.png
DJI_20250911105233_0256_V__1270,test,DJI_20250911105233_0256_V,data/raw/tower_vision/v2026-04-16/extracted/imagens_torres_300/images/default/DJI_20250911105233_0256_V.jpg,1270,isoladores,2709.4,1017.42,34.0,203.0,6902.0,163,332,64,data/synthetic/tower_vision/v2026-04-16/anomaly_controlled_v1/source_crops/test/DJI_20250911105233_0256_V__1270__isoladores.png
DJI_20250911105233_0256_V__1271,test,DJI_20250911105233_0256_V,data/raw/tower_vision/v2026-04-16/extracted/imagens_torres_300/images/default/DJI_20250911105233_0256_V.jpg,1271,isoladores,2943.0,850.0,36.0,200.8,7228.8,164,329,64,data/synthetic/tower_vision/v2026-04-16/anomaly_controlled_v1/source_crops/test/DJI_20250911105233_0256_V__1271__isoladores.png
DJI_20250911105233_0256_V__1274,test,DJI_20250911105233_0256_V,data/raw/tower_vision/v2026-04-16/extracted/imagens_torres_300/images/default/DJI_20250911105233_0256_V.jpg,1274,isoladores,2435.0,1161.0,40.0,205.7,8228.0,168,334,64,data/synthetic/tower_vision/v2026-04-16/anomaly_controlled_v1/source_crops/test/DJI_20250911105233_0256_V__1274__isoladores.png
DJI_20250911105233_0257_V__1277,test,DJI_20250911105233_0257_V,data/raw/tower_vision/v2026-04-16/extracted/imagens_torres_300/images/default/DJI_20250911105233_0257_V.jpg,1277,isoladores,2709.01,1009.7,35.0,209.27,7324.45,164,338,64,data/synthetic/tower_vision/v2026-04-16/anomaly_controlled_v1/source_crops/test/DJI_20250911105233_0257_V__1277__isoladores.png
DJI_20250911105233_0257_V__1278,test,DJI_20250911105233_0257_V,data/raw/tower_vision/v2026-04-16/extracted/imagens_torres_300/images/default/DJI_20250911105233_0257_V.jpg,1278,isoladores,2434.0,1155.3,41.0,211.33,8664.53,169,340,64,data/synthetic/tower_vision/v2026-04-16/anomaly_controlled_v1/source_crops/test/DJI_20250911105233_0257_V__1278__isoladores.png
DJI_20250911105233_0257_V__1279,test,DJI_20250911105233_0257_V,data/raw/tower_vision/v2026-04-16/extracted/imagens_torres_300/images/default/DJI_20250911105233_0257_V.jpg,1279,isoladores,2945.9,845.0,38.1,207.0,7886.7,167,335,64,data/synthetic/tower_vision/v2026-04-16/anomaly_controlled_v1/source_crops/test/DJI_20250911105233_0257_V__1279__isoladores.png
DJI_20250911105234_0258_V__1281,test,DJI_20250911105234_0258_V,data/raw/tower_vision/v2026-04-16/extracted/imagens_torres_300/images/default/DJI_20250911105234_0258_V.jpg,1281,isoladores,2431.63,1147.15,37.0,214.95,7953.15,166,344,64,data/synthetic/tower_vision/v2026-04-16/anomaly_controlled_v1/source_crops/test/DJI_20250911105234_0258_V__1281__isoladores.png
DJI_20250911105234_0258_V__1283,test,DJI_20250911105234_0258_V,data/raw/tower_vision/v2026-04-16/extracted/imagens_torres_300/images/default/DJI_20250911105234_0258_V.jpg,1283,isoladores,2950.0,855.54,37.0,199.96,7398.52,165,329,64,data/synthetic/tower_vision/v2026-04-16/anomaly_controlled_v1/source_crops/test/DJI_20250911105234_0258_V__1283__isoladores.png
DJI_20250911105234_0258_V__1284,test,DJI_20250911105234_0258_V,data/raw/tower_vision/v2026-04-16/extracted/imagens_torres_300/images/default/DJI_20250911105234_0258_V.jpg,1284,isoladores,2707.52,1013.45,37.0,209.0,7733.0,166,338,64,data/synthetic/tower_vision/v2026-04-16/anomaly_controlled_v1/source_crops/test/DJI_20250911105234_0258_V__1284__isoladores.png
DJI_20250911105235_0259_V__1285,test,DJI_20250911105235_0259_V,data/raw/tower_vision/v2026-04-16/extracted/imagens_torres_300/images/default/DJI_20250911105235_0259_V.jpg,1285,isoladores,2951.2,858.4,36.8,195.5,7194.4,165,324,64,data/synthetic/tower_vision/v2026-04-16/anomaly_controlled_v1/source_crops/test/DJI_20250911105235_0259_V__1285__isoladores.png
DJI_20250911105235_0259_V__1286,test,DJI_20250911105235_0259_V,data/raw/tower_vision/v2026-04-16/extracted/imagens_torres_300/images/default/DJI_20250911105235_0259_V.jpg,1286,isoladores,2427.8,1152.6,37.9,206.53,7827.49,167,336,64,data/synthetic/tower_vision/v2026-04-16/anomaly_controlled_v1/source_crops/test/DJI_20250911105235_0259_V__1286__isoladores.png
DJI_20250911105235_0259_V__1289,test,DJI_20250911105235_0259_V,data/raw/tower_vision/v2026-04-16/extracted/imagens_torres_300/images/default/DJI_20250911105235_0259_V.jpg,1289,isoladores,2711.0,1015.0,32.0,205.5,6576.0,160,334,64,data/synthetic/tower_vision/v2026-04-16/anomaly_controlled_v1/source_crops/test/DJI_20250911105235_0259_V__1289__isoladores.png
DJI_20250911105235_0260_V__1292,test,DJI_20250911105235_0260_V,data/raw/tower_vision/v2026-04-16/extracted/imagens_torres_300/images/default/DJI_20250911105235_0260_V.jpg,1292,isoladores,2710.6,1011.0,32.4,211.8,6862.32,161,340,64,data/synthetic/tower_vision/v2026-04-16/anomaly_controlled_v1/source_crops/test/DJI_20250911105235_0260_V__1292__isoladores.png
DJI_20250911105235_0260_V__1293,test,DJI_20250911105235_0260_V,data/raw/tower_vision/v2026-04-16/extracted/imagens_torres_300/images/default/DJI_20250911105235_0260_V.jpg,1293,isoladores,2955.99,855.6,37.51,201.04,7541.01,167,330,64,data/synthetic/tower_vision/v2026-04-16/anomaly_controlled_v1/source_crops/test/DJI_20250911105235_0260_V__1293__isoladores.png
DJI_20250911105235_0260_V__1294,test,DJI_20250911105235_0260_V,data/raw/tower_vision/v2026-04-16/extracted/imagens_torres_300/images/default/DJI_20250911105235_0260_V.jpg,1294,isoladores,2424.6,1144.48,35.4,211.1,7472.94,164,340,64,data/synthetic/tower_vision/v2026-04-16/anomaly_controlled_v1/source_crops/test/DJI_20250911105235_0260_V__1294__isoladores.png
DJI_20250911105236_0261_V__1296,test,DJI_20250911105236_0261_V,data/raw/tower_vision/v2026-04-16/extracted/imagens_torres_300/images/default/DJI_20250911105236_0261_V.jpg,1296,isoladores,2419.7,1144.0,38.3,212.0,8119.6,167,340,64,data/synthetic/tower_vision/v2026-04-16/anomaly_controlled_v1/source_crops/test/DJI_20250911105236_0261_V__1296__isoladores.png
DJI_20250911105236_0261_V__1297,test,DJI_20250911105236_0261_V,data/raw/tower_vision/v2026-04-16/extracted/imagens_torres_300/images/default/DJI_20250911105236_0261_V.jpg,1297,isoladores,2957.7,859.6,39.0,199.1,7764.9,168,328,64,data/synthetic/tower_vision/v2026-04-16/anomaly_controlled_v1/source_crops/test/DJI_20250911105236_0261_V__1297__isoladores.png
DJI_20250911105236_0261_V__1299,test,DJI_20250911105236_0261_V,data/raw/tower_vision/v2026-04-16/extracted/imagens_torres_300/images/default/DJI_20250911105236_0261_V.jpg,1299,isoladores,2710.1,1018.0,30.9,201.8,6235.62,159,330,64,data/synthetic/tower_vision/v2026-04-16/anomaly_controlled_v1/source_crops/test/DJI_20250911105236_0261_V__1299__isoladores.png
DJI_20250911105237_0262_V__1300,test,DJI_20250911105237_0262_V,data/raw/tower_vision/v2026-04-16/extracted/imagens_torres_300/images/default/DJI_20250911105237_0262_V.jpg,1300,isoladores,2417.3,1149.0,38.7,208.2,8057.34,167,337,64,data/synthetic/tower_vision/v2026-04-16/anomaly_controlled_v1/source_crops/test/DJI_20250911105237_0262_V__1300__isoladores.png
DJI_20250911105237_0262_V__1301,test,DJI_20250911105237_0262_V,data/raw/tower_vision/v2026-04-16/extracted/imagens_torres_300/images/default/DJI_20250911105237_0262_V.jpg,1301,isoladores,2710.0,1023.0,34.0,197.0,6698.0,162,325,64,data/synthetic/tower_vision/v2026-04-16/anomaly_controlled_v1/source_crops/test/DJI_20250911105237_0262_V__1301__isoladores.png
DJI_20250911105237_0262_V__1302,test,DJI_20250911105237_0262_V,data/raw/tower_vision/v2026-04-16/extracted/imagens_torres_300/images/default/DJI_20250911105237_0262_V.jpg,1302,isoladores,2961.1,868.0,41.9,195.0,8170.5,170,323,64,data/synthetic/tower_vision/v2026-04-16/anomaly_controlled_v1/source_crops/test/DJI_20250911105237_0262_V__1302__isoladores.png
DJI_20250911105238_0263_V__1307,test,DJI_20250911105238_0263_V,data/raw/tower_vision/v2026-04-16/extracted/imagens_torres_300/images/default/DJI_20250911105238_0263_V.jpg,1307,isoladores,2964.7,867.0,38.3,198.5,7602.55,167,327,64,data/synthetic/tower_vision/v2026-04-16/anomaly_controlled_v1/source_crops/test/DJI_20250911105238_0263_V__1307__isoladores.png
DJI_20250911105238_0263_V__1308,test,DJI_20250911105238_0263_V,data/raw/tower_vision/v2026-04-16/extracted/imagens_torres_300/images/default/DJI_20250911105238_0263_V.jpg,1308,isoladores,2710.0,1023.0,37.0,201.0,7437.0,165,329,64,data/synthetic/tower_vision/v2026-04-16/anomaly_controlled_v1/source_crops/test/DJI_20250911105238_0263_V__1308__isoladores.png
DJI_20250911105238_0263_V__1309,test,DJI_20250911105238_0263_V,data/raw/tower_vision/v2026-04-16/extracted/imagens_torres_300/images/default/DJI_20250911105238_0263_V.jpg,1309,isoladores,2414.0,1148.0,42.0,209.6,8803.2,170,338,64,data/synthetic/tower_vision/v2026-04-16/anomaly_controlled_v1/source_crops/test/DJI_20250911105238_0263_V__1309__isoladores.png
DJI_20250911105238_0264_V__1311,test,DJI_20250911105238_0264_V,data/raw/tower_vision/v2026-04-16/extracted/imagens_torres_300/images/default/DJI_20250911105238_0264_V.jpg,1311,isoladores,2411.76,1142.6,37.34,210.8,7871.27,167,340,64,data/synthetic/tower_vision/v2026-04-16/anomaly_controlled_v1/source_crops/test/DJI_20250911105238_0264_V__1311__isoladores.png
DJI_20250911105238_0264_V__1314,test,DJI_20250911105238_0264_V,data/raw/tower_vision/v2026-04-16/extracted/imagens_torres_300/images/default/DJI_20250911105238_0264_V.jpg,1314,isoladores,2711.0,1020.0,35.0,198.8,6958.0,163,327,64,data/synthetic/tower_vision/v2026-04-16/anomaly_controlled_v1/source_crops/test/DJI_20250911105238_0264_V__1314__isoladores.png
DJI_20250911105238_0264_V__1315,test,DJI_20250911105238_0264_V,data/raw/tower_vision/v2026-04-16/extracted/imagens_torres_300/images/default/DJI_20250911105238_0264_V.jpg,1315,isoladores,2967.0,862.0,41.0,204.4,8380.4,169,333,64,data/synthetic/tower_vision/v2026-04-16/anomaly_controlled_v1/source_crops/test/DJI_20250911105238_0264_V__1315__isoladores.png
DJI_20250911105239_0265_V__1317,test,DJI_20250911105239_0265_V,data/raw/tower_vision/v2026-04-16/extracted/imagens_torres_300/images/default/DJI_20250911105239_0265_V.jpg,1317,isoladores,2974.0,861.0,35.0,206.0,7210.0,163,334,64,data/synthetic/tower_vision/v2026-04-16/anomaly_controlled_v1/source_crops/test/DJI_20250911105239_0265_V__1317__isoladores.png
DJI_20250911105239_0265_V__1318,test,DJI_20250911105239_0265_V,data/raw/tower_vision/v2026-04-16/extracted/imagens_torres_300/images/default/DJI_20250911105239_0265_V.jpg,1318,isoladores,2709.0,1019.0,36.0,205.0,7380.0,164,333,64,data/synthetic/tower_vision/v2026-04-16/anomaly_controlled_v1/source_crops/test/DJI_20250911105239_0265_V__1318__isoladores.png
DJI_20250911105239_0265_V__1320,test,DJI_20250911105239_0265_V,data/raw/tower_vision/v2026-04-16/extracted/imagens_torres_300/images/default/DJI_20250911105239_0265_V.jpg,1320,isoladores,2408.0,1144.0,36.0,203.0,7308.0,164,331,64,data/synthetic/tower_vision/v2026-04-16/anomaly_controlled_v1/source_crops/test/DJI_20250911105239_0265_V__1320__isoladores.png
DJI_20250911105240_0266_V__1321,test,DJI_20250911105240_0266_V,data/raw/tower_vision/v2026-04-16/extracted/imagens_torres_300/images/default/DJI_20250911105240_0266_V.jpg,1321,isoladores,2407.0,1141.0,38.0,206.2,7835.6,166,335,64,data/synthetic/tower_vision/v2026-04-16/anomaly_controlled_v1/source_crops/test/DJI_20250911105240_0266_V__1321__isoladores.png
DJI_20250911105240_0266_V__1322,test,DJI_20250911105240_0266_V,data/raw/tower_vision/v2026-04-16/extracted/imagens_torres_300/images/default/DJI_20250911105240_0266_V.jpg,1322,isoladores,2708.0,1018.0,37.0,206.0,7622.0,165,334,64,data/synthetic/tower_vision/v2026-04-16/anomaly_controlled_v1/source_crops/test/DJI_20250911105240_0266_V__1322__isoladores.png
DJI_20250911105240_0266_V__1325,test,DJI_20250911105240_0266_V,data/raw/tower_vision/v2026-04-16/extracted/imagens_torres_300/images/default/DJI_20250911105240_0266_V.jpg,1325,isoladores,2974.5,866.0,38.5,202.4,7792.4,167,331,64,data/synthetic/tower_vision/v2026-04-16/anomaly_controlled_v1/source_crops/test/DJI_20250911105240_0266_V__1325__isoladores.png
DJI_20250911105240_0267_V__1327,test,DJI_20250911105240_0267_V,data/raw/tower_vision/v2026-04-16/extracted/imagens_torres_300/images/default/DJI_20250911105240_0267_V.jpg,1327,isoladores,2978.4,873.0,37.6,197.6,7429.76,166,326,64,data/synthetic/tower_vision/v2026-04-16/anomaly_controlled_v1/source_crops/test/DJI_20250911105240_0267_V__1327__isoladores.png
DJI_20250911105240_0267_V__1328,test,DJI_20250911105240_0267_V,data/raw/tower_vision/v2026-04-16/extracted/imagens_torres_300/images/default/DJI_20250911105240_0267_V.jpg,1328,isoladores,2711.0,1017.0,38.0,206.0,7828.0,166,334,64,data/synthetic/tower_vision/v2026-04-16/anomaly_controlled_v1/source_crops/test/DJI_20250911105240_0267_V__1328__isoladores.png
DJI_20250911105240_0267_V__1329,test,DJI_20250911105240_0267_V,data/raw/tower_vision/v2026-04-16/extracted/imagens_torres_300/images/default/DJI_20250911105240_0267_V.jpg,1329,isoladores,2403.28,1128.48,40.0,219.0,8760.0,169,348,64,data/synthetic/tower_vision/v2026-04-16/anomaly_controlled_v1/source_crops/test/DJI_20250911105240_0267_V__1329__isoladores.png
DJI_20250911105241_0268_V__1332,test,DJI_20250911105241_0268_V,data/raw/tower_vision/v2026-04-16/extracted/imagens_torres_300/images/default/DJI_20250911105241_0268_V.jpg,1332,isoladores,2711.0,1013.0,39.0,212.0,8268.0,167,340,64,data/synthetic/tower_vision/v2026-04-16/anomaly_controlled_v1/source_crops/test/DJI_20250911105241_0268_V__1332__isoladores.png
DJI_20250911105241_0268_V__1333,test,DJI_20250911105241_0268_V,data/raw/tower_vision/v2026-04-16/extracted/imagens_torres_300/images/default/DJI_20250911105241_0268_V.jpg,1333,isoladores,2401.21,1132.29,38.0,208.1,7907.8,167,337,64,data/synthetic/tower_vision/v2026-04-16/anomaly_controlled_v1/source_crops/test/DJI_20250911105241_0268_V__1333__isoladores.png
DJI_20250911105241_0268_V__1334,test,DJI_20250911105241_0268_V,data/raw/tower_vision/v2026-04-16/extracted/imagens_torres_300/images/default/DJI_20250911105241_0268_V.jpg,1334,isoladores,2982.3,872.0,38.4,201.7,7745.28,167,330,64,data/synthetic/tower_vision/v2026-04-16/anomaly_controlled_v1/source_crops/test/DJI_20250911105241_0268_V__1334__isoladores.png
DJI_20250911105242_0269_V__1336,test,DJI_20250911105242_0269_V,data/raw/tower_vision/v2026-04-16/extracted/imagens_torres_300/images/default/DJI_20250911105242_0269_V.jpg,1336,isoladores,2982.1,876.1,40.3,197.2,7947.16,169,326,64,data/synthetic/tower_vision/v2026-04-16/anomaly_controlled_v1/source_crops/test/DJI_20250911105242_0269_V__1336__isoladores.png
DJI_20250911105242_0269_V__1337,test,DJI_20250911105242_0269_V,data/raw/tower_vision/v2026-04-16/extracted/imagens_torres_300/images/default/DJI_20250911105242_0269_V.jpg,1337,isoladores,2396.0,1131.0,40.0,209.0,8360.0,168,337,64,data/synthetic/tower_vision/v2026-04-16/anomaly_controlled_v1/source_crops/test/DJI_20250911105242_0269_V__1337__isoladores.png
DJI_20250911105242_0269_V__1338,test,DJI_20250911105242_0269_V,data/raw/tower_vision/v2026-04-16/extracted/imagens_torres_300/images/default/DJI_20250911105242_0269_V.jpg,1338,isoladores,2710.0,1015.0,39.0,207.0,8073.0,167,335,64,data/synthetic/tower_vision/v2026-04-16/anomaly_controlled_v1/source_crops/test/DJI_20250911105242_0269_V__1338__isoladores.png
DJI_20250911105242_0270_V__1342,test,DJI_20250911105242_0270_V,data/raw/tower_vision/v2026-04-16/extracted/imagens_torres_300/images/default/DJI_20250911105242_0270_V.jpg,1342,isoladores,2711.0,1018.0,36.0,198.0,7128.0,164,326,64,data/synthetic/tower_vision/v2026-04-16/anomaly_controlled_v1/source_crops/test/DJI_20250911105242_0270_V__1342__isoladores.png
DJI_20250911105242_0270_V__1343,test,DJI_20250911105242_0270_V,data/raw/tower_vision/v2026-04-16/extracted/imagens_torres_300/images/default/DJI_20250911105242_0270_V.jpg,1343,isoladores,2986.7,877.5,37.6,194.8,7324.48,167,324,64,data/synthetic/tower_vision/v2026-04-16/anomaly_controlled_v1/source_crops/test/DJI_20250911105242_0270_V__1343__isoladores.png
DJI_20250911105242_0270_V__1344,test,DJI_20250911105242_0270_V,data/raw/tower_vision/v2026-04-16/extracted/imagens_torres_300/images/default/DJI_20250911105242_0270_V.jpg,1344,isoladores,2394.0,1129.0,39.0,207.7,8100.3,167,336,64,data/synthetic/tower_vision/v2026-04-16/anomaly_controlled_v1/source_crops/test/DJI_20250911105242_0270_V__1344__isoladores.png
DJI_20250911105243_0271_V__1346,test,DJI_20250911105243_0271_V,data/raw/tower_vision/v2026-04-16/extracted/imagens_torres_300/images/default/DJI_20250911105243_0271_V.jpg,1346,isoladores,2712.0,1016.0,37.0,201.0,7437.0,165,329,64,data/synthetic/tower_vision/v2026-04-16/anomaly_controlled_v1/source_crops/test/DJI_20250911105243_0271_V__1346__isoladores.png
DJI_20250911105243_0271_V__1347,test,DJI_20250911105243_0271_V,data/raw/tower_vision/v2026-04-16/extracted/imagens_torres_300/images/default/DJI_20250911105243_0271_V.jpg,1347,isoladores,2391.0,1127.0,40.0,204.8,8192.0,168,333,64,data/synthetic/tower_vision/v2026-04-16/anomaly_controlled_v1/source_crops/test/DJI_20250911105243_0271_V__1347__isoladores.png
DJI_20250911105243_0271_V__1348,test,DJI_20250911105243_0271_V,data/raw/tower_vision/v2026-04-16/extracted/imagens_torres_300/images/default/DJI_20250911105243_0271_V.jpg,1348,isoladores,2991.0,872.0,36.0,202.0,7272.0,164,330,64,data/synthetic/tower_vision/v2026-04-16/anomaly_controlled_v1/source_crops/test/DJI_20250911105243_0271_V__1348__isoladores.png
DJI_20250911105244_0272_V__1352,test,DJI_20250911105244_0272_V,data/raw/tower_vision/v2026-04-16/extracted/imagens_torres_300/images/default/DJI_20250911105244_0272_V.jpg,1352,isoladores,2994.0,874.0,37.0,201.0,7437.0,165,329,64,data/synthetic/tower_vision/v2026-04-16/anomaly_controlled_v1/source_crops/test/DJI_20250911105244_0272_V__1352__isoladores.png
DJI_20250911105244_0272_V__1353,test,DJI_20250911105244_0272_V,data/raw/tower_vision/v2026-04-16/extracted/imagens_torres_300/images/default/DJI_20250911105244_0272_V.jpg,1353,isoladores,2713.0,1021.0,37.0,199.0,7363.0,165,327,64,data/synthetic/tower_vision/v2026-04-16/anomaly_controlled_v1/source_crops/test/DJI_20250911105244_0272_V__1353__isoladores.png
DJI_20250911105244_0272_V__1354,test,DJI_20250911105244_0272_V,data/raw/tower_vision/v2026-04-16/extracted/imagens_torres_300/images/default/DJI_20250911105244_0272_V.jpg,1354,isoladores,2390.0,1122.0,40.0,207.4,8296.0,168,336,64,data/synthetic/tower_vision/v2026-04-16/anomaly_controlled_v1/source_crops/test/DJI_20250911105244_0272_V__1354__isoladores.png
DJI_20250911105245_0273_V__1356,test,DJI_20250911105245_0273_V,data/raw/tower_vision/v2026-04-16/extracted/imagens_torres_300/images/default/DJI_20250911105245_0273_V.jpg,1356,isoladores,2392.0,1115.5,38.0,210.9,8014.2,166,340,64,data/synthetic/tower_vision/v2026-04-16/anomaly_controlled_v1/source_crops/test/DJI_20250911105245_0273_V__1356__isoladores.png
DJI_20250911105245_0273_V__1357,test,DJI_20250911105245_0273_V,data/raw/tower_vision/v2026-04-16/extracted/imagens_torres_300/images/default/DJI_20250911105245_0273_V.jpg,1357,isoladores,2715.0,1013.1,37.0,204.0,7548.0,165,333,64,data/synthetic/tower_vision/v2026-04-16/anomaly_controlled_v1/source_crops/test/DJI_20250911105245_0273_V__1357__isoladores.png
DJI_20250911105245_0273_V__1360,test,DJI_20250911105245_0273_V,data/raw/tower_vision/v2026-04-16/extracted/imagens_torres_300/images/default/DJI_20250911105245_0273_V.jpg,1360,isoladores,3002.0,880.8,41.0,200.4,8216.4,169,330,64,data/synthetic/tower_vision/v2026-04-16/anomaly_controlled_v1/source_crops/test/DJI_20250911105245_0273_V__1360__isoladores.png
DJI_20250911105245_0274_V__1361,test,DJI_20250911105245_0274_V,data/raw/tower_vision/v2026-04-16/extracted/imagens_torres_300/images/default/DJI_20250911105245_0274_V.jpg,1361,isoladores,2711.3,1015.3,37.7,199.7,7528.69,166,328,64,data/synthetic/tower_vision/v2026-04-16/anomaly_controlled_v1/source_crops/test/DJI_20250911105245_0274_V__1361__isoladores.png
DJI_20250911105245_0274_V__1362,test,DJI_20250911105245_0274_V,data/raw/tower_vision/v2026-04-16/extracted/imagens_torres_300/images/default/DJI_20250911105245_0274_V.jpg,1362,isoladores,3000.0,881.0,39.0,199.0,7761.0,167,327,64,data/synthetic/tower_vision/v2026-04-16/anomaly_controlled_v1/source_crops/test/DJI_20250911105245_0274_V__1362__isoladores.png
DJI_20250911105245_0274_V__1365,test,DJI_20250911105245_0274_V,data/raw/tower_vision/v2026-04-16/extracted/imagens_torres_300/images/default/DJI_20250911105245_0274_V.jpg,1365,isoladores,2387.0,1110.8,37.0,212.1,7847.7,165,341,64,data/synthetic/tower_vision/v2026-04-16/anomaly_controlled_v1/source_crops/test/DJI_20250911105245_0274_V__1365__isoladores.png
DJI_20250911105246_0275_V__1366,test,DJI_20250911105246_0275_V,data/raw/tower_vision/v2026-04-16/extracted/imagens_torres_300/images/default/DJI_20250911105246_0275_V.jpg,1366,isoladores,3002.0,880.0,43.0,204.1,8776.3,171,333,64,data/synthetic/tower_vision/v2026-04-16/anomaly_controlled_v1/source_crops/test/DJI_20250911105246_0275_V__1366__isoladores.png
DJI_20250911105246_0275_V__1368,test,DJI_20250911105246_0275_V,data/raw/tower_vision/v2026-04-16/extracted/imagens_torres_300/images/default/DJI_20250911105246_0275_V.jpg,1368,isoladores,2715.0,1016.1,35.0,203.9,7136.5,163,332,64,data/synthetic/tower_vision/v2026-04-16/anomaly_controlled_v1/source_crops/test/DJI_20250911105246_0275_V__1368__isoladores.png
DJI_20250911105246_0275_V__1370,test,DJI_20250911105246_0275_V,data/raw/tower_vision/v2026-04-16/extracted/imagens_torres_300/images/default/DJI_20250911105246_0275_V.jpg,1370,isoladores,2385.0,1113.0,39.0,210.0,8190.0,167,338,64,data/synthetic/tower_vision/v2026-04-16/anomaly_controlled_v1/source_crops/test/DJI_20250911105246_0275_V__1370__isoladores.png
DJI_20250911105247_0276_V__1373,test,DJI_20250911105247_0276_V,data/raw/tower_vision/v2026-04-16/extracted/imagens_torres_300/images/default/DJI_20250911105247_0276_V.jpg,1373,isoladores,2714.0,1019.0,37.0,201.0,7437.0,165,329,64,data/synthetic/tower_vision/v2026-04-16/anomaly_controlled_v1/source_crops/test/DJI_20250911105247_0276_V__1373__isoladores.png
DJI_20250911105247_0276_V__1374,test,DJI_20250911105247_0276_V,data/raw/tower_vision/v2026-04-16/extracted/imagens_torres_300/images/default/DJI_20250911105247_0276_V.jpg,1374,isoladores,3003.6,883.0,43.4,202.3,8779.82,172,331,64,data/synthetic/tower_vision/v2026-04-16/anomaly_controlled_v1/source_crops/test/DJI_20250911105247_0276_V__1374__isoladores.png
DJI_20250911105247_0276_V__1375,test,DJI_20250911105247_0276_V,data/raw/tower_vision/v2026-04-16/extracted/imagens_torres_300/images/default/DJI_20250911105247_0276_V.jpg,1375,isoladores,2383.0,1115.0,38.0,205.4,7805.2,166,334,64,data/synthetic/tower_vision/v2026-04-16/anomaly_controlled_v1/source_crops/test/DJI_20250911105247_0276_V__1375__isoladores.png
DJI_20250911105247_0277_V__1376,test,DJI_20250911105247_0277_V,data/raw/tower_vision/v2026-04-16/extracted/imagens_torres_300/images/default/DJI_20250911105247_0277_V.jpg,1376,isoladores,2381.39,1115.36,37.0,202.84,7505.08,166,332,64,data/synthetic/tower_vision/v2026-04-16/anomaly_controlled_v1/source_crops/test/DJI_20250911105247_0277_V__1376__isoladores.png
DJI_20250911105247_0277_V__1377,test,DJI_20250911105247_0277_V,data/raw/tower_vision/v2026-04-16/extracted/imagens_torres_300/images/default/DJI_20250911105247_0277_V.jpg,1377,isoladores,3008.5,889.0,40.5,197.21,7987.01,169,326,64,data/synthetic/tower_vision/v2026-04-16/anomaly_controlled_v1/source_crops/test/DJI_20250911105247_0277_V__1377__isoladores.png
DJI_20250911105247_0277_V__1380,test,DJI_20250911105247_0277_V,data/raw/tower_vision/v2026-04-16/extracted/imagens_torres_300/images/default/DJI_20250911105247_0277_V.jpg,1380,isoladores,2714.0,1011.0,39.0,211.9,8264.1,167,340,64,data/synthetic/tower_vision/v2026-04-16/anomaly_controlled_v1/source_crops/test/DJI_20250911105247_0277_V__1380__isoladores.png
DJI_20250911105248_0278_V__1381,test,DJI_20250911105248_0278_V,data/raw/tower_vision/v2026-04-16/extracted/imagens_torres_300/images/default/DJI_20250911105248_0278_V.jpg,1381,isoladores,3012.5,890.0,42.72,198.0,8458.56,172,326,64,data/synthetic/tower_vision/v2026-04-16/anomaly_controlled_v1/source_crops/test/DJI_20250911105248_0278_V__1381__isoladores.png
DJI_20250911105248_0278_V__1382,test,DJI_20250911105248_0278_V,data/raw/tower_vision/v2026-04-16/extracted/imagens_torres_300/images/default/DJI_20250911105248_0278_V.jpg,1382,isoladores,2382.0,1114.0,36.0,201.5,7254.0,164,330,64,data/synthetic/tower_vision/v2026-04-16/anomaly_controlled_v1/source_crops/test/DJI_20250911105248_0278_V__1382__isoladores.png
DJI_20250911105248_0278_V__1385,test,DJI_20250911105248_0278_V,data/raw/tower_vision/v2026-04-16/extracted/imagens_torres_300/images/default/DJI_20250911105248_0278_V.jpg,1385,isoladores,2714.0,1015.0,39.0,206.7,8061.3,167,335,64,data/synthetic/tower_vision/v2026-04-16/anomaly_controlled_v1/source_crops/test/DJI_20250911105248_0278_V__1385__isoladores.png
DJI_20250911105249_0279_V__1386,test,DJI_20250911105249_0279_V,data/raw/tower_vision/v2026-04-16/extracted/imagens_torres_300/images/default/DJI_20250911105249_0279_V.jpg,1386,isoladores,2380.0,1112.0,39.0,201.8,7870.2,167,330,64,data/synthetic/tower_vision/v2026-04-16/anomaly_controlled_v1/source_crops/test/DJI_20250911105249_0279_V__1386__isoladores.png
DJI_20250911105249_0279_V__1387,test,DJI_20250911105249_0279_V,data/raw/tower_vision/v2026-04-16/extracted/imagens_torres_300/images/default/DJI_20250911105249_0279_V.jpg,1387,isoladores,2713.75,1013.51,40.0,204.0,8160.0,169,333,64,data/synthetic/tower_vision/v2026-04-16/anomaly_controlled_v1/source_crops/test/DJI_20250911105249_0279_V__1387__isoladores.png
DJI_20250911105249_0279_V__1388,test,DJI_20250911105249_0279_V,data/raw/tower_vision/v2026-04-16/extracted/imagens_torres_300/images/default/DJI_20250911105249_0279_V.jpg,1388,isoladores,3018.28,892.0,41.92,201.0,8425.92,171,329,64,data/synthetic/tower_vision/v2026-04-16/anomaly_controlled_v1/source_crops/test/DJI_20250911105249_0279_V__1388__isoladores.png
DJI_20250911105249_0280_V__1391,test,DJI_20250911105249_0280_V,data/raw/tower_vision/v2026-04-16/extracted/imagens_torres_300/images/default/DJI_20250911105249_0280_V.jpg,1391,isoladores,2378.0,1100.0,38.0,208.9,7938.2,166,337,64,data/synthetic/tower_vision/v2026-04-16/anomaly_controlled_v1/source_crops/test/DJI_20250911105249_0280_V__1391__isoladores.png
DJI_20250911105249_0280_V__1392,test,DJI_20250911105249_0280_V,data/raw/tower_vision/v2026-04-16/extracted/imagens_torres_300/images/default/DJI_20250911105249_0280_V.jpg,1392,isoladores,3021.0,888.0,42.5,205.3,8725.25,171,334,64,data/synthetic/tower_vision/v2026-04-16/anomaly_controlled_v1/source_crops/test/DJI_20250911105249_0280_V__1392__isoladores.png
DJI_20250911105249_0280_V__1395,test,DJI_20250911105249_0280_V,data/raw/tower_vision/v2026-04-16/extracted/imagens_torres_300/images/default/DJI_20250911105249_0280_V.jpg,1395,isoladores,2716.0,1016.0,39.0,203.4,7932.6,167,332,64,data/synthetic/tower_vision/v2026-04-16/anomaly_controlled_v1/source_crops/test/DJI_20250911105249_0280_V__1395__isoladores.png
DJI_20250911105250_0281_V__1396,test,DJI_20250911105250_0281_V,data/raw/tower_vision/v2026-04-16/extracted/imagens_torres_300/images/default/DJI_20250911105250_0281_V.jpg,1396,isoladores,3026.2,892.0,42.8,202.9,8684.12,171,331,64,data/synthetic/tower_vision/v2026-04-16/anomaly_controlled_v1/source_crops/test/DJI_20250911105250_0281_V__1396__isoladores.png
DJI_20250911105250_0281_V__1397,test,DJI_20250911105250_0281_V,data/raw/tower_vision/v2026-04-16/extracted/imagens_torres_300/images/default/DJI_20250911105250_0281_V.jpg,1397,isoladores,2718.0,1021.0,36.0,196.7,7081.2,164,325,64,data/synthetic/tower_vision/v2026-04-16/anomaly_controlled_v1/source_crops/test/DJI_20250911105250_0281_V__1397__isoladores.png
DJI_20250911105250_0281_V__1399,test,DJI_20250911105250_0281_V,data/raw/tower_vision/v2026-04-16/extracted/imagens_torres_300/images/default/DJI_20250911105250_0281_V.jpg,1399,isoladores,2377.0,1103.6,38.0,203.6,7736.8,166,333,64,data/synthetic/tower_vision/v2026-04-16/anomaly_controlled_v1/source_crops/test/DJI_20250911105250_0281_V__1399__isoladores.png
DJI_20250911105251_0282_V__1401,test,DJI_20250911105251_0282_V,data/raw/tower_vision/v2026-04-16/extracted/imagens_torres_300/images/default/DJI_20250911105251_0282_V.jpg,1401,isoladores,2720.0,1013.0,36.0,208.0,7488.0,164,336,64,data/synthetic/tower_vision/v2026-04-16/anomaly_controlled_v1/source_crops/test/DJI_20250911105251_0282_V__1401__isoladores.png
DJI_20250911105251_0282_V__1403,test,DJI_20250911105251_0282_V,data/raw/tower_vision/v2026-04-16/extracted/imagens_torres_300/images/default/DJI_20250911105251_0282_V.jpg,1403,isoladores,2375.18,1097.92,39.0,207.0,8073.0,168,336,64,data/synthetic/tower_vision/v2026-04-16/anomaly_controlled_v1/source_crops/test/DJI_20250911105251_0282_V__1403__isoladores.png
DJI_20250911105251_0282_V__1404,test,DJI_20250911105251_0282_V,data/raw/tower_vision/v2026-04-16/extracted/imagens_torres_300/images/default/DJI_20250911105251_0282_V.jpg,1404,isoladores,3029.5,898.4,41.8,200.2,8368.36,171,329,64,data/synthetic/tower_vision/v2026-04-16/anomaly_controlled_v1/source_crops/test/DJI_20250911105251_0282_V__1404__isoladores.png
DJI_20250911105252_0283_V__1406,test,DJI_20250911105252_0283_V,data/raw/tower_vision/v2026-04-16/extracted/imagens_torres_300/images/default/DJI_20250911105252_0283_V.jpg,1406,isoladores,2721.0,1016.0,36.0,203.4,7322.4,164,332,64,data/synthetic/tower_vision/v2026-04-16/anomaly_controlled_v1/source_crops/test/DJI_20250911105252_0283_V__1406__isoladores.png
DJI_20250911105252_0283_V__1409,test,DJI_20250911105252_0283_V,data/raw/tower_vision/v2026-04-16/extracted/imagens_torres_300/images/default/DJI_20250911105252_0283_V.jpg,1409,isoladores,3030.2,895.0,42.13,205.0,8636.65,171,333,64,data/synthetic/tower_vision/v2026-04-16/anomaly_controlled_v1/source_crops/test/DJI_20250911105252_0283_V__1409__isoladores.png
DJI_20250911105252_0283_V__1410,test,DJI_20250911105252_0283_V,data/raw/tower_vision/v2026-04-16/extracted/imagens_torres_300/images/default/DJI_20250911105252_0283_V.jpg,1410,isoladores,2376.75,1097.24,37.0,206.0,7622.0,166,335,64,data/synthetic/tower_vision/v2026-04-16/anomaly_controlled_v1/source_crops/test/DJI_20250911105252_0283_V__1410__isoladores.png
DJI_20250911105252_0284_V__1412,test,DJI_20250911105252_0284_V,data/raw/tower_vision/v2026-04-16/extracted/imagens_torres_300/images/default/DJI_20250911105252_0284_V.jpg,1412,isoladores,2370.0,1091.0,39.0,209.6,8174.4,167,338,64,data/synthetic/tower_vision/v2026-04-16/anomaly_controlled_v1/source_crops/test/DJI_20250911105252_0284_V__1412__isoladores.png
DJI_20250911105252_0284_V__1413,test,DJI_20250911105252_0284_V,data/raw/tower_vision/v2026-04-16/extracted/imagens_torres_300/images/default/DJI_20250911105252_0284_V.jpg,1413,isoladores,2719.8,1015.0,35.1,204.0,7160.4,164,332,64,data/synthetic/tower_vision/v2026-04-16/anomaly_controlled_v1/source_crops/test/DJI_20250911105252_0284_V__1413__isoladores.png
DJI_20250911105252_0284_V__1415,test,DJI_20250911105252_0284_V,data/raw/tower_vision/v2026-04-16/extracted/imagens_torres_300/images/default/DJI_20250911105252_0284_V.jpg,1415,isoladores,3033.1,904.51,44.34,197.69,8765.57,173,327,64,data/synthetic/tower_vision/v2026-04-16/anomaly_controlled_v1/source_crops/test/DJI_20250911105252_0284_V__1415__isoladores.png
DJI_20250911105253_0285_V__1416,test,DJI_20250911105253_0285_V,data/raw/tower_vision/v2026-04-16/extracted/imagens_torres_300/images/default/DJI_20250911105253_0285_V.jpg,1416,isoladores,3034.81,902.0,42.0,203.5,8547.0,171,332,64,data/synthetic/tower_vision/v2026-04-16/anomaly_controlled_v1/source_crops/test/DJI_20250911105253_0285_V__1416__isoladores.png
DJI_20250911105253_0285_V__1419,test,DJI_20250911105253_0285_V,data/raw/tower_vision/v2026-04-16/extracted/imagens_torres_300/images/default/DJI_20250911105253_0285_V.jpg,1419,isoladores,2717.87,1017.04,38.0,206.0,7828.0,167,335,64,data/synthetic/tower_vision/v2026-04-16/anomaly_controlled_v1/source_crops/test/DJI_20250911105253_0285_V__1419__isoladores.png
DJI_20250911105253_0285_V__1420,test,DJI_20250911105253_0285_V,data/raw/tower_vision/v2026-04-16/extracted/imagens_torres_300/images/default/DJI_20250911105253_0285_V.jpg,1420,isoladores,2368.58,1094.0,40.0,204.9,8196.0,169,333,64,data/synthetic/tower_vision/v2026-04-16/anomaly_controlled_v1/source_crops/test/DJI_20250911105253_0285_V__1420__isoladores.png
DJI_20250911105254_0286_V__1421,test,DJI_20250911105254_0286_V,data/raw/tower_vision/v2026-04-16/extracted/imagens_torres_300/images/default/DJI_20250911105254_0286_V.jpg,1421,isoladores,3040.0,909.7,41.3,200.91,8297.58,170,330,64,data/synthetic/tower_vision/v2026-04-16/anomaly_controlled_v1/source_crops/test/DJI_20250911105254_0286_V__1421__isoladores.png
DJI_20250911105254_0286_V__1424,test,DJI_20250911105254_0286_V,data/raw/tower_vision/v2026-04-16/extracted/imagens_torres_300/images/default/DJI_20250911105254_0286_V.jpg,1424,isoladores,2722.0,1019.0,36.0,206.7,7441.2,164,335,64,data/synthetic/tower_vision/v2026-04-16/anomaly_controlled_v1/source_crops/test/DJI_20250911105254_0286_V__1424__isoladores.png
DJI_20250911105254_0286_V__1425,test,DJI_20250911105254_0286_V,data/raw/tower_vision/v2026-04-16/extracted/imagens_torres_300/images/default/DJI_20250911105254_0286_V.jpg,1425,isoladores,2369.0,1093.0,40.0,207.9,8316.0,168,336,64,data/synthetic/tower_vision/v2026-04-16/anomaly_controlled_v1/source_crops/test/DJI_20250911105254_0286_V__1425__isoladores.png
DJI_20250911105254_0287_V__1428,test,DJI_20250911105254_0287_V,data/raw/tower_vision/v2026-04-16/extracted/imagens_torres_300/images/default/DJI_20250911105254_0287_V.jpg,1428,isoladores,2372.0,1094.0,37.0,206.6,7644.2,165,335,64,data/synthetic/tower_vision/v2026-04-16/anomaly_controlled_v1/source_crops/test/DJI_20250911105254_0287_V__1428__isoladores.png
DJI_20250911105254_0287_V__1429,test,DJI_20250911105254_0287_V,data/raw/tower_vision/v2026-04-16/extracted/imagens_torres_300/images/default/DJI_20250911105254_0287_V.jpg,1429,isoladores,3045.2,912.2,45.26,201.6,9124.42,174,330,64,data/synthetic/tower_vision/v2026-04-16/anomaly_controlled_v1/source_crops/test/DJI_20250911105254_0287_V__1429__isoladores.png
DJI_20250911105254_0287_V__1430,test,DJI_20250911105254_0287_V,data/raw/tower_vision/v2026-04-16/extracted/imagens_torres_300/images/default/DJI_20250911105254_0287_V.jpg,1430,isoladores,2726.0,1021.0,36.0,203.2,7315.2,164,332,64,data/synthetic/tower_vision/v2026-04-16/anomaly_controlled_v1/source_crops/test/DJI_20250911105254_0287_V__1430__isoladores.png
DJI_20250911105255_0288_V__1431,test,DJI_20250911105255_0288_V,data/raw/tower_vision/v2026-04-16/extracted/imagens_torres_300/images/default/DJI_20250911105255_0288_V.jpg,1431,isoladores,2373.0,1089.0,36.0,207.5,7470.0,164,336,64,data/synthetic/tower_vision/v2026-04-16/anomaly_controlled_v1/source_crops/test/DJI_20250911105255_0288_V__1431__isoladores.png
DJI_20250911105255_0288_V__1432,test,DJI_20250911105255_0288_V,data/raw/tower_vision/v2026-04-16/extracted/imagens_torres_300/images/default/DJI_20250911105255_0288_V.jpg,1432,isoladores,3048.3,914.26,44.99,204.14,9184.26,174,333,64,data/synthetic/tower_vision/v2026-04-16/anomaly_controlled_v1/source_crops/test/DJI_20250911105255_0288_V__1432__isoladores.png
DJI_20250911105255_0288_V__1435,test,DJI_20250911105255_0288_V,data/raw/tower_vision/v2026-04-16/extracted/imagens_torres_300/images/default/DJI_20250911105255_0288_V.jpg,1435,isoladores,2729.0,1020.0,34.6,204.0,7058.4,163,332,64,data/synthetic/tower_vision/v2026-04-16/anomaly_controlled_v1/source_crops/test/DJI_20250911105255_0288_V__1435__isoladores.png
DJI_20250911105256_0289_V__1437,test,DJI_20250911105256_0289_V,data/raw/tower_vision/v2026-04-16/extracted/imagens_torres_300/images/default/DJI_20250911105256_0289_V.jpg,1437,isoladores,3052.4,914.0,42.2,202.6,8549.72,171,331,64,data/synthetic/tower_vision/v2026-04-16/anomaly_controlled_v1/source_crops/test/DJI_20250911105256_0289_V__1437__isoladores.png
DJI_20250911105256_0289_V__1438,test,DJI_20250911105256_0289_V,data/raw/tower_vision/v2026-04-16/extracted/imagens_torres_300/images/default/DJI_20250911105256_0289_V.jpg,1438,isoladores,2371.0,1088.0,38.0,204.8,7782.4,166,333,64,data/synthetic/tower_vision/v2026-04-16/anomaly_controlled_v1/source_crops/test/DJI_20250911105256_0289_V__1438__isoladores.png
DJI_20250911105256_0289_V__1440,test,DJI_20250911105256_0289_V,data/raw/tower_vision/v2026-04-16/extracted/imagens_torres_300/images/default/DJI_20250911105256_0289_V.jpg,1440,isoladores,2729.0,1022.0,36.0,201.0,7236.0,164,329,64,data/synthetic/tower_vision/v2026-04-16/anomaly_controlled_v1/source_crops/test/DJI_20250911105256_0289_V__1440__isoladores.png
DJI_20250911105256_0290_V__1441,test,DJI_20250911105256_0290_V,data/raw/tower_vision/v2026-04-16/extracted/imagens_torres_300/images/default/DJI_20250911105256_0290_V.jpg,1441,isoladores,2729.0,1013.0,35.0,209.8,7343.0,163,338,64,data/synthetic/tower_vision/v2026-04-16/anomaly_controlled_v1/source_crops/test/DJI_20250911105256_0290_V__1441__isoladores.png
DJI_20250911105256_0290_V__1442,test,DJI_20250911105256_0290_V,data/raw/tower_vision/v2026-04-16/extracted/imagens_torres_300/images/default/DJI_20250911105256_0290_V.jpg,1442,isoladores,3054.9,917.4,42.82,200.4,8581.13,172,329,64,data/synthetic/tower_vision/v2026-04-16/anomaly_controlled_v1/source_crops/test/DJI_20250911105256_0290_V__1442__isoladores.png
DJI_20250911105256_0290_V__1445,test,DJI_20250911105256_0290_V,data/raw/tower_vision/v2026-04-16/extracted/imagens_torres_300/images/default/DJI_20250911105256_0290_V.jpg,1445,isoladores,2371.0,1088.0,38.0,202.9,7710.2,166,331,64,data/synthetic/tower_vision/v2026-04-16/anomaly_controlled_v1/source_crops/test/DJI_20250911105256_0290_V__1445__isoladores.png
DJI_20250911105257_0291_V__1448,test,DJI_20250911105257_0291_V,data/raw/tower_vision/v2026-04-16/extracted/imagens_torres_300/images/default/DJI_20250911105257_0291_V.jpg,1448,isoladores,2731.0,1017.0,35.0,207.7,7269.5,163,336,64,data/synthetic/tower_vision/v2026-04-16/anomaly_controlled_v1/source_crops/test/DJI_20250911105257_0291_V__1448__isoladores.png
DJI_20250911105257_0291_V__1449,test,DJI_20250911105257_0291_V,data/raw/tower_vision/v2026-04-16/extracted/imagens_torres_300/images/default/DJI_20250911105257_0291_V.jpg,1449,isoladores,2369.07,1080.94,39.0,207.06,8075.34,168,336,64,data/synthetic/tower_vision/v2026-04-16/anomaly_controlled_v1/source_crops/test/DJI_20250911105257_0291_V__1449__isoladores.png
DJI_20250911105257_0291_V__1450,test,DJI_20250911105257_0291_V,data/raw/tower_vision/v2026-04-16/extracted/imagens_torres_300/images/default/DJI_20250911105257_0291_V.jpg,1450,isoladores,3057.8,916.5,45.1,206.09,9294.66,174,335,64,data/synthetic/tower_vision/v2026-04-16/anomaly_controlled_v1/source_crops/test/DJI_20250911105257_0291_V__1450__isoladores.png
DJI_20250911105258_0292_V__1452,test,DJI_20250911105258_0292_V,data/raw/tower_vision/v2026-04-16/extracted/imagens_torres_300/images/default/DJI_20250911105258_0292_V.jpg,1452,isoladores,2730.0,1017.0,36.0,203.0,7308.0,164,331,64,data/synthetic/tower_vision/v2026-04-16/anomaly_controlled_v1/source_crops/test/DJI_20250911105258_0292_V__1452__isoladores.png
DJI_20250911105258_0292_V__1454,test,DJI_20250911105258_0292_V,data/raw/tower_vision/v2026-04-16/extracted/imagens_torres_300/images/default/DJI_20250911105258_0292_V.jpg,1454,isoladores,3062.0,921.0,42.0,200.1,8404.2,170,329,64,data/synthetic/tower_vision/v2026-04-16/anomaly_controlled_v1/source_crops/test/DJI_20250911105258_0292_V__1454__isoladores.png
DJI_20250911105258_0292_V__1455,test,DJI_20250911105258_0292_V,data/raw/tower_vision/v2026-04-16/extracted/imagens_torres_300/images/default/DJI_20250911105258_0292_V.jpg,1455,isoladores,2368.0,1082.0,41.0,203.3,8335.3,169,332,64,data/synthetic/tower_vision/v2026-04-16/anomaly_controlled_v1/source_crops/test/DJI_20250911105258_0292_V__1455__isoladores.png
DJI_20250911105259_0293_V__1456,test,DJI_20250911105259_0293_V,data/raw/tower_vision/v2026-04-16/extracted/imagens_torres_300/images/default/DJI_20250911105259_0293_V.jpg,1456,isoladores,2370.0,1081.0,39.0,203.0,7917.0,167,331,64,data/synthetic/tower_vision/v2026-04-16/anomaly_controlled_v1/source_crops/test/DJI_20250911105259_0293_V__1456__isoladores.png
DJI_20250911105259_0293_V__1457,test,DJI_20250911105259_0293_V,data/raw/tower_vision/v2026-04-16/extracted/imagens_torres_300/images/default/DJI_20250911105259_0293_V.jpg,1457,isoladores,3064.8,922.0,45.2,204.5,9243.4,174,333,64,data/synthetic/tower_vision/v2026-04-16/anomaly_controlled_v1/source_crops/test/DJI_20250911105259_0293_V__1457__isoladores.png
DJI_20250911105259_0293_V__1459,test,DJI_20250911105259_0293_V,data/raw/tower_vision/v2026-04-16/extracted/imagens_torres_300/images/default/DJI_20250911105259_0293_V.jpg,1459,isoladores,2733.0,1017.0,35.0,209.0,7315.0,163,337,64,data/synthetic/tower_vision/v2026-04-16/anomaly_controlled_v1/source_crops/test/DJI_20250911105259_0293_V__1459__isoladores.png
DJI_20250911105259_0294_V__1461,test,DJI_20250911105259_0294_V,data/raw/tower_vision/v2026-04-16/extracted/imagens_torres_300/images/default/DJI_20250911105259_0294_V.jpg,1461,isoladores,2736.0,1021.0,36.0,211.0,7596.0,164,339,64,data/synthetic/tower_vision/v2026-04-16/anomaly_controlled_v1/source_crops/test/DJI_20250911105259_0294_V__1461__isoladores.png
DJI_20250911105259_0294_V__1462,test,DJI_20250911105259_0294_V,data/raw/tower_vision/v2026-04-16/extracted/imagens_torres_300/images/default/DJI_20250911105259_0294_V.jpg,1462,isoladores,3069.1,929.0,45.8,200.7,9192.06,174,329,64,data/synthetic/tower_vision/v2026-04-16/anomaly_controlled_v1/source_crops/test/DJI_20250911105259_0294_V__1462__isoladores.png
DJI_20250911105259_0294_V__1463,test,DJI_20250911105259_0294_V,data/raw/tower_vision/v2026-04-16/extracted/imagens_torres_300/images/default/DJI_20250911105259_0294_V.jpg,1463,isoladores,2371.0,1078.0,38.0,204.3,7763.4,166,333,64,data/synthetic/tower_vision/v2026-04-16/anomaly_controlled_v1/source_crops/test/DJI_20250911105259_0294_V__1463__isoladores.png
DJI_20250911105300_0295_V__1466,test,DJI_20250911105300_0295_V,data/raw/tower_vision/v2026-04-16/extracted/imagens_torres_300/images/default/DJI_20250911105300_0295_V.jpg,1466,isoladores,2737.0,1018.0,38.0,216.0,8208.0,166,344,64,data/synthetic/tower_vision/v2026-04-16/anomaly_controlled_v1/source_crops/test/DJI_20250911105300_0295_V__1466__isoladores.png
DJI_20250911105300_0295_V__1469,test,DJI_20250911105300_0295_V,data/raw/tower_vision/v2026-04-16/extracted/imagens_torres_300/images/default/DJI_20250911105300_0295_V.jpg,1469,isoladores,3075.2,929.0,45.8,204.5,9366.1,174,333,64,data/synthetic/tower_vision/v2026-04-16/anomaly_controlled_v1/source_crops/test/DJI_20250911105300_0295_V__1469__isoladores.png
DJI_20250911105300_0295_V__1470,test,DJI_20250911105300_0295_V,data/raw/tower_vision/v2026-04-16/extracted/imagens_torres_300/images/default/DJI_20250911105300_0295_V.jpg,1470,isoladores,2372.0,1080.0,39.2,200.4,7855.68,168,329,64,data/synthetic/tower_vision/v2026-04-16/anomaly_controlled_v1/source_crops/test/DJI_20250911105300_0295_V__1470__isoladores.png
DJI_20250911105301_0296_V__1471,test,DJI_20250911105301_0296_V,data/raw/tower_vision/v2026-04-16/extracted/imagens_torres_300/images/default/DJI_20250911105301_0296_V.jpg,1471,isoladores,2374.2,1068.2,40.61,210.21,8536.63,169,339,64,data/synthetic/tower_vision/v2026-04-16/anomaly_controlled_v1/source_crops/test/DJI_20250911105301_0296_V__1471__isoladores.png
DJI_20250911105301_0296_V__1472,test,DJI_20250911105301_0296_V,data/raw/tower_vision/v2026-04-16/extracted/imagens_torres_300/images/default/DJI_20250911105301_0296_V.jpg,1472,isoladores,3078.7,928.0,45.68,203.1,9277.61,175,332,64,data/synthetic/tower_vision/v2026-04-16/anomaly_controlled_v1/source_crops/test/DJI_20250911105301_0296_V__1472__isoladores.png
DJI_20250911105301_0296_V__1475,test,DJI_20250911105301_0296_V,data/raw/tower_vision/v2026-04-16/extracted/imagens_torres_300/images/default/DJI_20250911105301_0296_V.jpg,1475,isoladores,2738.0,1018.0,42.0,204.0,8568.0,170,332,64,data/synthetic/tower_vision/v2026-04-16/anomaly_controlled_v1/source_crops/test/DJI_20250911105301_0296_V__1475__isoladores.png
DJI_20250911105301_0297_V__1477,test,DJI_20250911105301_0297_V,data/raw/tower_vision/v2026-04-16/extracted/imagens_torres_300/images/default/DJI_20250911105301_0297_V.jpg,1477,isoladores,2373.0,1068.0,37.0,206.0,7622.0,165,334,64,data/synthetic/tower_vision/v2026-04-16/anomaly_controlled_v1/source_crops/test/DJI_20250911105301_0297_V__1477__isoladores.png
DJI_20250911105301_0297_V__1478,test,DJI_20250911105301_0297_V,data/raw/tower_vision/v2026-04-16/extracted/imagens_torres_300/images/default/DJI_20250911105301_0297_V.jpg,1478,isoladores,2738.0,1017.0,44.0,204.0,8976.0,172,332,64,data/synthetic/tower_vision/v2026-04-16/anomaly_controlled_v1/source_crops/test/DJI_20250911105301_0297_V__1478__isoladores.png
DJI_20250911105301_0297_V__1479,test,DJI_20250911105301_0297_V,data/raw/tower_vision/v2026-04-16/extracted/imagens_torres_300/images/default/DJI_20250911105301_0297_V.jpg,1479,isoladores,3083.65,932.04,44.4,203.0,9013.2,174,332,64,data/synthetic/tower_vision/v2026-04-16/anomaly_controlled_v1/source_crops/test/DJI_20250911105301_0297_V__1479__isoladores.png
DJI_20250911105302_0298_V__1481,test,DJI_20250911105302_0298_V,data/raw/tower_vision/v2026-04-16/extracted/imagens_torres_300/images/default/DJI_20250911105302_0298_V.jpg,1481,isoladores,2372.82,1065.61,38.0,206.0,7828.0,167,335,64,data/synthetic/tower_vision/v2026-04-16/anomaly_controlled_v1/source_crops/test/DJI_20250911105302_0298_V__1481__isoladores.png
DJI_20250911105302_0298_V__1482,test,DJI_20250911105302_0298_V,data/raw/tower_vision/v2026-04-16/extracted/imagens_torres_300/images/default/DJI_20250911105302_0298_V.jpg,1482,isoladores,3084.71,933.0,45.6,202.6,9238.56,175,331,64,data/synthetic/tower_vision/v2026-04-16/anomaly_controlled_v1/source_crops/test/DJI_20250911105302_0298_V__1482__isoladores.png
DJI_20250911105302_0298_V__1485,test,DJI_20250911105302_0298_V,data/raw/tower_vision/v2026-04-16/extracted/imagens_torres_300/images/default/DJI_20250911105302_0298_V.jpg,1485,isoladores,2738.0,1015.0,45.0,205.0,9225.0,173,333,64,data/synthetic/tower_vision/v2026-04-16/anomaly_controlled_v1/source_crops/test/DJI_20250911105302_0298_V__1485__isoladores.png
DJI_20250911105303_0299_V__1487,test,DJI_20250911105303_0299_V,data/raw/tower_vision/v2026-04-16/extracted/imagens_torres_300/images/default/DJI_20250911105303_0299_V.jpg,1487,isoladores,2738.0,1017.0,48.0,206.0,9888.0,176,334,64,data/synthetic/tower_vision/v2026-04-16/anomaly_controlled_v1/source_crops/test/DJI_20250911105303_0299_V__1487__isoladores.png
DJI_20250911105303_0299_V__1488,test,DJI_20250911105303_0299_V,data/raw/tower_vision/v2026-04-16/extracted/imagens_torres_300/images/default/DJI_20250911105303_0299_V.jpg,1488,isoladores,3089.1,934.0,46.9,204.5,9591.05,175,333,64,data/synthetic/tower_vision/v2026-04-16/anomaly_controlled_v1/source_crops/test/DJI_20250911105303_0299_V__1488__isoladores.png
DJI_20250911105303_0299_V__1489,test,DJI_20250911105303_0299_V,data/raw/tower_vision/v2026-04-16/extracted/imagens_torres_300/images/default/DJI_20250911105303_0299_V.jpg,1489,isoladores,2375.0,1062.0,40.8,205.5,8384.4,169,334,64,data/synthetic/tower_vision/v2026-04-16/anomaly_controlled_v1/source_crops/test/DJI_20250911105303_0299_V__1489__isoladores.png
DJI_20250911105303_0300_V__1491,test,DJI_20250911105303_0300_V,data/raw/tower_vision/v2026-04-16/extracted/imagens_torres_300/images/default/DJI_20250911105303_0300_V.jpg,1491,isoladores,3091.6,935.68,49.1,205.82,10105.76,178,335,64,data/synthetic/tower_vision/v2026-04-16/anomaly_controlled_v1/source_crops/test/DJI_20250911105303_0300_V__1491__isoladores.png
DJI_20250911105303_0300_V__1492,test,DJI_20250911105303_0300_V,data/raw/tower_vision/v2026-04-16/extracted/imagens_torres_300/images/default/DJI_20250911105303_0300_V.jpg,1492,isoladores,2746.6,1018.0,39.4,203.4,8013.96,168,332,64,data/synthetic/tower_vision/v2026-04-16/anomaly_controlled_v1/source_crops/test/DJI_20250911105303_0300_V__1492__isoladores.png
DJI_20250911105303_0300_V__1495,test,DJI_20250911105303_0300_V,data/raw/tower_vision/v2026-04-16/extracted/imagens_torres_300/images/default/DJI_20250911105303_0300_V.jpg,1495,isoladores,2378.16,1051.75,41.0,217.0,8897.0,170,346,64,data/synthetic/tower_vision/v2026-04-16/anomaly_controlled_v1/source_crops/test/DJI_20250911105303_0300_V__1495__isoladores.png
DJI_20250911105200_0209_V__1036,val,DJI_20250911105200_0209_V,data/raw/tower_vision/v2026-04-16/extracted/imagens_torres_300/images/default/DJI_20250911105200_0209_V.jpg,1036,isoladores,2657.7,1233.9,34.6,213.4,7383.64,164,343,64,data/synthetic/tower_vision/v2026-04-16/anomaly_controlled_v1/source_crops/val/DJI_20250911105200_0209_V__1036__isoladores.png
DJI_20250911105200_0209_V__1038,val,DJI_20250911105200_0209_V,data/raw/tower_vision/v2026-04-16/extracted/imagens_torres_300/images/default/DJI_20250911105200_0209_V.jpg,1038,isoladores,2733.0,1036.0,32.0,202.0,6464.0,160,330,64,data/synthetic/tower_vision/v2026-04-16/anomaly_controlled_v1/source_crops/val/DJI_20250911105200_0209_V__1038__isoladores.png
DJI_20250911105200_0209_V__1040,val,DJI_20250911105200_0209_V,data/raw/tower_vision/v2026-04-16/extracted/imagens_torres_300/images/default/DJI_20250911105200_0209_V.jpg,1040,isoladores,2789.69,822.16,28.0,204.0,5712.0,157,333,64,data/synthetic/tower_vision/v2026-04-16/anomaly_controlled_v1/source_crops/val/DJI_20250911105200_0209_V__1040__isoladores.png
DJI_20250911105200_0210_V__1041,val,DJI_20250911105200_0210_V,data/raw/tower_vision/v2026-04-16/extracted/imagens_torres_300/images/default/DJI_20250911105200_0210_V.jpg,1041,isoladores,2786.91,825.8,32.49,198.96,6464.21,162,328,64,data/synthetic/tower_vision/v2026-04-16/anomaly_controlled_v1/source_crops/val/DJI_20250911105200_0210_V__1041__isoladores.png
DJI_20250911105200_0210_V__1042,val,DJI_20250911105200_0210_V,data/raw/tower_vision/v2026-04-16/extracted/imagens_torres_300/images/default/DJI_20250911105200_0210_V.jpg,1042,isoladores,2647.4,1233.1,41.0,214.6,8798.6,170,343,64,data/synthetic/tower_vision/v2026-04-16/anomaly_controlled_v1/source_crops/val/DJI_20250911105200_0210_V__1042__isoladores.png
DJI_20250911105200_0210_V__1045,val,DJI_20250911105200_0210_V,data/raw/tower_vision/v2026-04-16/extracted/imagens_torres_300/images/default/DJI_20250911105200_0210_V.jpg,1045,isoladores,2725.0,1022.0,34.0,219.0,7446.0,162,347,64,data/synthetic/tower_vision/v2026-04-16/anomaly_controlled_v1/source_crops/val/DJI_20250911105200_0210_V__1045__isoladores.png
DJI_20250911105201_0211_V__1046,val,DJI_20250911105201_0211_V,data/raw/tower_vision/v2026-04-16/extracted/imagens_torres_300/images/default/DJI_20250911105201_0211_V.jpg,1046,isoladores,2789.0,821.92,33.0,206.0,6798.0,161,335,64,data/synthetic/tower_vision/v2026-04-16/anomaly_controlled_v1/source_crops/val/DJI_20250911105201_0211_V__1046__isoladores.png
DJI_20250911105201_0211_V__1048,val,DJI_20250911105201_0211_V,data/raw/tower_vision/v2026-04-16/extracted/imagens_torres_300/images/default/DJI_20250911105201_0211_V.jpg,1048,isoladores,2643.6,1231.2,35.1,218.4,7665.84,164,347,64,data/synthetic/tower_vision/v2026-04-16/anomaly_controlled_v1/source_crops/val/DJI_20250911105201_0211_V__1048__isoladores.png
DJI_20250911105201_0211_V__1050,val,DJI_20250911105201_0211_V,data/raw/tower_vision/v2026-04-16/extracted/imagens_torres_300/images/default/DJI_20250911105201_0211_V.jpg,1050,isoladores,2726.81,1035.6,30.0,206.9,6207.0,159,336,64,data/synthetic/tower_vision/v2026-04-16/anomaly_controlled_v1/source_crops/val/DJI_20250911105201_0211_V__1050__isoladores.png
DJI_20250911105202_0212_V__1051,val,DJI_20250911105202_0212_V,data/raw/tower_vision/v2026-04-16/extracted/imagens_torres_300/images/default/DJI_20250911105202_0212_V.jpg,1051,isoladores,2793.32,823.62,30.68,205.68,6310.26,159,335,64,data/synthetic/tower_vision/v2026-04-16/anomaly_controlled_v1/source_crops/val/DJI_20250911105202_0212_V__1051__isoladores.png
DJI_20250911105202_0212_V__1053,val,DJI_20250911105202_0212_V,data/raw/tower_vision/v2026-04-16/extracted/imagens_torres_300/images/default/DJI_20250911105202_0212_V.jpg,1053,isoladores,2640.4,1237.4,34.4,211.3,7268.72,163,340,64,data/synthetic/tower_vision/v2026-04-16/anomaly_controlled_v1/source_crops/val/DJI_20250911105202_0212_V__1053__isoladores.png
DJI_20250911105202_0212_V__1055,val,DJI_20250911105202_0212_V,data/raw/tower_vision/v2026-04-16/extracted/imagens_torres_300/images/default/DJI_20250911105202_0212_V.jpg,1055,isoladores,2726.65,1033.12,30.0,206.98,6209.4,159,336,64,data/synthetic/tower_vision/v2026-04-16/anomaly_controlled_v1/source_crops/val/DJI_20250911105202_0212_V__1055__isoladores.png
DJI_20250911105203_0213_V__1056,val,DJI_20250911105203_0213_V,data/raw/tower_vision/v2026-04-16/extracted/imagens_torres_300/images/default/DJI_20250911105203_0213_V.jpg,1056,isoladores,2635.17,1234.5,37.83,214.67,8120.97,166,344,64,data/synthetic/tower_vision/v2026-04-16/anomaly_controlled_v1/source_crops/val/DJI_20250911105203_0213_V__1056__isoladores.png
DJI_20250911105203_0213_V__1057,val,DJI_20250911105203_0213_V,data/raw/tower_vision/v2026-04-16/extracted/imagens_torres_300/images/default/DJI_20250911105203_0213_V.jpg,1057,isoladores,2794.0,824.0,34.0,205.0,6970.0,162,333,64,data/synthetic/tower_vision/v2026-04-16/anomaly_controlled_v1/source_crops/val/DJI_20250911105203_0213_V__1057__isoladores.png
DJI_20250911105203_0213_V__1059,val,DJI_20250911105203_0213_V,data/raw/tower_vision/v2026-04-16/extracted/imagens_torres_300/images/default/DJI_20250911105203_0213_V.jpg,1059,isoladores,2728.35,1038.0,29.0,204.6,5933.4,158,333,64,data/synthetic/tower_vision/v2026-04-16/anomaly_controlled_v1/source_crops/val/DJI_20250911105203_0213_V__1059__isoladores.png
DJI_20250911105203_0214_V__1061,val,DJI_20250911105203_0214_V,data/raw/tower_vision/v2026-04-16/extracted/imagens_torres_300/images/default/DJI_20250911105203_0214_V.jpg,1061,isoladores,2803.0,824.0,32.0,205.0,6560.0,160,333,64,data/synthetic/tower_vision/v2026-04-16/anomaly_controlled_v1/source_crops/val/DJI_20250911105203_0214_V__1061__isoladores.png
DJI_20250911105203_0214_V__1063,val,DJI_20250911105203_0214_V,data/raw/tower_vision/v2026-04-16/extracted/imagens_torres_300/images/default/DJI_20250911105203_0214_V.jpg,1063,isoladores,2632.0,1232.1,33.3,214.5,7142.85,162,343,64,data/synthetic/tower_vision/v2026-04-16/anomaly_controlled_v1/source_crops/val/DJI_20250911105203_0214_V__1063__isoladores.png
DJI_20250911105203_0214_V__1064,val,DJI_20250911105203_0214_V,data/raw/tower_vision/v2026-04-16/extracted/imagens_torres_300/images/default/DJI_20250911105203_0214_V.jpg,1064,isoladores,2728.04,1038.04,30.0,201.76,6052.8,159,330,64,data/synthetic/tower_vision/v2026-04-16/anomaly_controlled_v1/source_crops/val/DJI_20250911105203_0214_V__1064__isoladores.png
DJI_20250911105204_0215_V__1066,val,DJI_20250911105204_0215_V,data/raw/tower_vision/v2026-04-16/extracted/imagens_torres_300/images/default/DJI_20250911105204_0215_V.jpg,1066,isoladores,2804.0,826.0,33.0,206.0,6798.0,161,334,64,data/synthetic/tower_vision/v2026-04-16/anomaly_controlled_v1/source_crops/val/DJI_20250911105204_0215_V__1066__isoladores.png
DJI_20250911105204_0215_V__1067,val,DJI_20250911105204_0215_V,data/raw/tower_vision/v2026-04-16/extracted/imagens_torres_300/images/default/DJI_20250911105204_0215_V.jpg,1067,isoladores,2725.0,1034.0,30.0,208.5,6255.0,158,337,64,data/synthetic/tower_vision/v2026-04-16/anomaly_controlled_v1/source_crops/val/DJI_20250911105204_0215_V__1067__isoladores.png
DJI_20250911105204_0215_V__1069,val,DJI_20250911105204_0215_V,data/raw/tower_vision/v2026-04-16/extracted/imagens_torres_300/images/default/DJI_20250911105204_0215_V.jpg,1069,isoladores,2625.5,1235.7,34.56,211.2,7299.07,164,340,64,data/synthetic/tower_vision/v2026-04-16/anomaly_controlled_v1/source_crops/val/DJI_20250911105204_0215_V__1069__isoladores.png
DJI_20250911105205_0216_V__1071,val,DJI_20250911105205_0216_V,data/raw/tower_vision/v2026-04-16/extracted/imagens_torres_300/images/default/DJI_20250911105205_0216_V.jpg,1071,isoladores,2619.29,1233.2,35.71,214.35,7654.44,164,343,64,data/synthetic/tower_vision/v2026-04-16/anomaly_controlled_v1/source_crops/val/DJI_20250911105205_0216_V__1071__isoladores.png
DJI_20250911105205_0216_V__1072,val,DJI_20250911105205_0216_V,data/raw/tower_vision/v2026-04-16/extracted/imagens_torres_300/images/default/DJI_20250911105205_0216_V.jpg,1072,isoladores,2726.61,1038.2,31.79,204.3,6494.7,161,333,64,data/synthetic/tower_vision/v2026-04-16/anomaly_controlled_v1/source_crops/val/DJI_20250911105205_0216_V__1072__isoladores.png
DJI_20250911105205_0216_V__1074,val,DJI_20250911105205_0216_V,data/raw/tower_vision/v2026-04-16/extracted/imagens_torres_300/images/default/DJI_20250911105205_0216_V.jpg,1074,isoladores,2804.0,830.0,37.0,205.0,7585.0,165,333,64,data/synthetic/tower_vision/v2026-04-16/anomaly_controlled_v1/source_crops/val/DJI_20250911105205_0216_V__1074__isoladores.png
DJI_20250911105205_0217_V__1077,val,DJI_20250911105205_0217_V,data/raw/tower_vision/v2026-04-16/extracted/imagens_torres_300/images/default/DJI_20250911105205_0217_V.jpg,1077,isoladores,2728.75,1036.87,31.0,206.03,6386.93,160,335,64,data/synthetic/tower_vision/v2026-04-16/anomaly_controlled_v1/source_crops/val/DJI_20250911105205_0217_V__1077__isoladores.png
DJI_20250911105205_0217_V__1079,val,DJI_20250911105205_0217_V,data/raw/tower_vision/v2026-04-16/extracted/imagens_torres_300/images/default/DJI_20250911105205_0217_V.jpg,1079,isoladores,2616.0,1232.6,37.0,215.51,7973.87,165,345,64,data/synthetic/tower_vision/v2026-04-16/anomaly_controlled_v1/source_crops/val/DJI_20250911105205_0217_V__1079__isoladores.png
DJI_20250911105205_0217_V__1080,val,DJI_20250911105205_0217_V,data/raw/tower_vision/v2026-04-16/extracted/imagens_torres_300/images/default/DJI_20250911105205_0217_V.jpg,1080,isoladores,2810.2,826.0,37.5,206.0,7725.0,166,334,64,data/synthetic/tower_vision/v2026-04-16/anomaly_controlled_v1/source_crops/val/DJI_20250911105205_0217_V__1080__isoladores.png
DJI_20250911105206_0218_V__1083,val,DJI_20250911105206_0218_V,data/raw/tower_vision/v2026-04-16/extracted/imagens_torres_300/images/default/DJI_20250911105206_0218_V.jpg,1083,isoladores,2610.32,1233.51,37.78,214.59,8107.21,167,344,64,data/synthetic/tower_vision/v2026-04-16/anomaly_controlled_v1/source_crops/val/DJI_20250911105206_0218_V__1083__isoladores.png
DJI_20250911105206_0218_V__1084,val,DJI_20250911105206_0218_V,data/raw/tower_vision/v2026-04-16/extracted/imagens_torres_300/images/default/DJI_20250911105206_0218_V.jpg,1084,isoladores,2818.0,833.2,34.5,202.15,6974.18,163,331,64,data/synthetic/tower_vision/v2026-04-16/anomaly_controlled_v1/source_crops/val/DJI_20250911105206_0218_V__1084__isoladores.png
DJI_20250911105206_0218_V__1085,val,DJI_20250911105206_0218_V,data/raw/tower_vision/v2026-04-16/extracted/imagens_torres_300/images/default/DJI_20250911105206_0218_V.jpg,1085,isoladores,2727.16,1039.33,33.0,205.0,6765.0,162,334,64,data/synthetic/tower_vision/v2026-04-16/anomaly_controlled_v1/source_crops/val/DJI_20250911105206_0218_V__1085__isoladores.png
DJI_20250911105207_0219_V__1086,val,DJI_20250911105207_0219_V,data/raw/tower_vision/v2026-04-16/extracted/imagens_torres_300/images/default/DJI_20250911105207_0219_V.jpg,1086,isoladores,2822.9,829.98,34.0,206.72,7028.48,163,336,64,data/synthetic/tower_vision/v2026-04-16/anomaly_controlled_v1/source_crops/val/DJI_20250911105207_0219_V__1086__isoladores.png
DJI_20250911105207_0219_V__1087,val,DJI_20250911105207_0219_V,data/raw/tower_vision/v2026-04-16/extracted/imagens_torres_300/images/default/DJI_20250911105207_0219_V.jpg,1087,isoladores,2608.7,1233.74,38.7,213.96,8280.25,168,343,64,data/synthetic/tower_vision/v2026-04-16/anomaly_controlled_v1/source_crops/val/DJI_20250911105207_0219_V__1087__isoladores.png
DJI_20250911105207_0219_V__1089,val,DJI_20250911105207_0219_V,data/raw/tower_vision/v2026-04-16/extracted/imagens_torres_300/images/default/DJI_20250911105207_0219_V.jpg,1089,isoladores,2727.47,1037.91,34.0,210.0,7140.0,163,339,64,data/synthetic/tower_vision/v2026-04-16/anomaly_controlled_v1/source_crops/val/DJI_20250911105207_0219_V__1089__isoladores.png
DJI_20250911105207_0220_V__1093,val,DJI_20250911105207_0220_V,data/raw/tower_vision/v2026-04-16/extracted/imagens_torres_300/images/default/DJI_20250911105207_0220_V.jpg,1093,isoladores,2829.0,830.22,30.9,204.0,6303.6,159,333,64,data/synthetic/tower_vision/v2026-04-16/anomaly_controlled_v1/source_crops/val/DJI_20250911105207_0220_V__1093__isoladores.png
DJI_20250911105207_0220_V__1094,val,DJI_20250911105207_0220_V,data/raw/tower_vision/v2026-04-16/extracted/imagens_torres_300/images/default/DJI_20250911105207_0220_V.jpg,1094,isoladores,2606.0,1232.8,32.9,211.9,6971.51,161,341,64,data/synthetic/tower_vision/v2026-04-16/anomaly_controlled_v1/source_crops/val/DJI_20250911105207_0220_V__1094__isoladores.png
DJI_20250911105207_0220_V__1095,val,DJI_20250911105207_0220_V,data/raw/tower_vision/v2026-04-16/extracted/imagens_torres_300/images/default/DJI_20250911105207_0220_V.jpg,1095,isoladores,2731.0,1038.7,30.0,203.78,6113.4,158,333,64,data/synthetic/tower_vision/v2026-04-16/anomaly_controlled_v1/source_crops/val/DJI_20250911105207_0220_V__1095__isoladores.png
DJI_20250911105208_0221_V__1096,val,DJI_20250911105208_0221_V,data/raw/tower_vision/v2026-04-16/extracted/imagens_torres_300/images/default/DJI_20250911105208_0221_V.jpg,1096,isoladores,2831.74,830.45,33.4,205.0,6847.0,163,334,64,data/synthetic/tower_vision/v2026-04-16/anomaly_controlled_v1/source_crops/val/DJI_20250911105208_0221_V__1096__isoladores.png
DJI_20250911105208_0221_V__1097,val,DJI_20250911105208_0221_V,data/raw/tower_vision/v2026-04-16/extracted/imagens_torres_300/images/default/DJI_20250911105208_0221_V.jpg,1097,isoladores,2602.0,1224.0,33.0,219.9,7256.7,161,348,64,data/synthetic/tower_vision/v2026-04-16/anomaly_controlled_v1/source_crops/val/DJI_20250911105208_0221_V__1097__isoladores.png
DJI_20250911105208_0221_V__1098,val,DJI_20250911105208_0221_V,data/raw/tower_vision/v2026-04-16/extracted/imagens_torres_300/images/default/DJI_20250911105208_0221_V.jpg,1098,isoladores,2729.0,1038.9,31.0,203.4,6305.4,159,333,64,data/synthetic/tower_vision/v2026-04-16/anomaly_controlled_v1/source_crops/val/DJI_20250911105208_0221_V__1098__isoladores.png
DJI_20250911105209_0222_V__1101,val,DJI_20250911105209_0222_V,data/raw/tower_vision/v2026-04-16/extracted/imagens_torres_300/images/default/DJI_20250911105209_0222_V.jpg,1101,isoladores,2597.12,1224.68,31.88,218.22,6956.85,160,347,64,data/synthetic/tower_vision/v2026-04-16/anomaly_controlled_v1/source_crops/val/DJI_20250911105209_0222_V__1101__isoladores.png
DJI_20250911105209_0222_V__1102,val,DJI_20250911105209_0222_V,data/raw/tower_vision/v2026-04-16/extracted/imagens_torres_300/images/default/DJI_20250911105209_0222_V.jpg,1102,isoladores,2727.0,1035.5,32.0,208.5,6672.0,160,337,64,data/synthetic/tower_vision/v2026-04-16/anomaly_controlled_v1/source_crops/val/DJI_20250911105209_0222_V__1102__isoladores.png
DJI_20250911105209_0222_V__1105,val,DJI_20250911105209_0222_V,data/raw/tower_vision/v2026-04-16/extracted/imagens_torres_300/images/default/DJI_20250911105209_0222_V.jpg,1105,isoladores,2834.66,831.9,34.0,203.33,6913.22,163,333,64,data/synthetic/tower_vision/v2026-04-16/anomaly_controlled_v1/source_crops/val/DJI_20250911105209_0222_V__1105__isoladores.png
DJI_20250911105210_0223_V__1106,val,DJI_20250911105210_0223_V,data/raw/tower_vision/v2026-04-16/extracted/imagens_torres_300/images/default/DJI_20250911105210_0223_V.jpg,1106,isoladores,2591.0,1220.0,34.0,206.0,7004.0,162,334,64,data/synthetic/tower_vision/v2026-04-16/anomaly_controlled_v1/source_crops/val/DJI_20250911105210_0223_V__1106__isoladores.png
DJI_20250911105210_0223_V__1107,val,DJI_20250911105210_0223_V,data/raw/tower_vision/v2026-04-16/extracted/imagens_torres_300/images/default/DJI_20250911105210_0223_V.jpg,1107,isoladores,2726.0,1036.0,31.0,195.0,6045.0,159,323,64,data/synthetic/tower_vision/v2026-04-16/anomaly_controlled_v1/source_crops/val/DJI_20250911105210_0223_V__1107__isoladores.png
DJI_20250911105210_0223_V__1109,val,DJI_20250911105210_0223_V,data/raw/tower_vision/v2026-04-16/extracted/imagens_torres_300/images/default/DJI_20250911105210_0223_V.jpg,1109,isoladores,2840.0,832.0,31.0,192.0,5952.0,159,320,64,data/synthetic/tower_vision/v2026-04-16/anomaly_controlled_v1/source_crops/val/DJI_20250911105210_0223_V__1109__isoladores.png
DJI_20250911105210_0224_V__1110,val,DJI_20250911105210_0224_V,data/raw/tower_vision/v2026-04-16/extracted/imagens_torres_300/images/default/DJI_20250911105210_0224_V.jpg,1110,isoladores,2584.26,1224.3,34.74,213.96,7432.97,163,343,64,data/synthetic/tower_vision/v2026-04-16/anomaly_controlled_v1/source_crops/val/DJI_20250911105210_0224_V__1110__isoladores.png
DJI_20250911105210_0224_V__1111,val,DJI_20250911105210_0224_V,data/raw/tower_vision/v2026-04-16/extracted/imagens_torres_300/images/default/DJI_20250911105210_0224_V.jpg,1111,isoladores,2726.0,1037.1,32.0,205.4,6572.8,160,334,64,data/synthetic/tower_vision/v2026-04-16/anomaly_controlled_v1/source_crops/val/DJI_20250911105210_0224_V__1111__isoladores.png
DJI_20250911105210_0224_V__1114,val,DJI_20250911105210_0224_V,data/raw/tower_vision/v2026-04-16/extracted/imagens_torres_300/images/default/DJI_20250911105210_0224_V.jpg,1114,isoladores,2842.9,834.0,30.1,200.9,6047.09,159,329,64,data/synthetic/tower_vision/v2026-04-16/anomaly_controlled_v1/source_crops/val/DJI_20250911105210_0224_V__1114__isoladores.png
DJI_20250911105211_0225_V__1115,val,DJI_20250911105211_0225_V,data/raw/tower_vision/v2026-04-16/extracted/imagens_torres_300/images/default/DJI_20250911105211_0225_V.jpg,1115,isoladores,2580.0,1226.4,32.0,214.8,6873.6,160,344,64,data/synthetic/tower_vision/v2026-04-16/anomaly_controlled_v1/source_crops/val/DJI_20250911105211_0225_V__1115__isoladores.png
DJI_20250911105211_0225_V__1116,val,DJI_20250911105211_0225_V,data/raw/tower_vision/v2026-04-16/extracted/imagens_torres_300/images/default/DJI_20250911105211_0225_V.jpg,1116,isoladores,2724.0,1035.3,33.0,207.6,6850.8,161,336,64,data/synthetic/tower_vision/v2026-04-16/anomaly_controlled_v1/source_crops/val/DJI_20250911105211_0225_V__1116__isoladores.png
DJI_20250911105211_0225_V__1118,val,DJI_20250911105211_0225_V,data/raw/tower_vision/v2026-04-16/extracted/imagens_torres_300/images/default/DJI_20250911105211_0225_V.jpg,1118,isoladores,2843.22,835.0,32.08,201.54,6465.4,161,330,64,data/synthetic/tower_vision/v2026-04-16/anomaly_controlled_v1/source_crops/val/DJI_20250911105211_0225_V__1118__isoladores.png
DJI_20250911105212_0226_V__1120,val,DJI_20250911105212_0226_V,data/raw/tower_vision/v2026-04-16/extracted/imagens_torres_300/images/default/DJI_20250911105212_0226_V.jpg,1120,isoladores,2571.0,1224.3,36.0,214.6,7725.6,164,343,64,data/synthetic/tower_vision/v2026-04-16/anomaly_controlled_v1/source_crops/val/DJI_20250911105212_0226_V__1120__isoladores.png
DJI_20250911105212_0226_V__1122,val,DJI_20250911105212_0226_V,data/raw/tower_vision/v2026-04-16/extracted/imagens_torres_300/images/default/DJI_20250911105212_0226_V.jpg,1122,isoladores,2845.73,836.6,32.77,200.0,6554.0,162,329,64,data/synthetic/tower_vision/v2026-04-16/anomaly_controlled_v1/source_crops/val/DJI_20250911105212_0226_V__1122__isoladores.png
DJI_20250911105212_0226_V__1123,val,DJI_20250911105212_0226_V,data/raw/tower_vision/v2026-04-16/extracted/imagens_torres_300/images/default/DJI_20250911105212_0226_V.jpg,1123,isoladores,2724.0,1033.3,30.0,209.2,6276.0,158,338,64,data/synthetic/tower_vision/v2026-04-16/anomaly_controlled_v1/source_crops/val/DJI_20250911105212_0226_V__1123__isoladores.png
DJI_20250911105212_0227_V__1126,val,DJI_20250911105212_0227_V,data/raw/tower_vision/v2026-04-16/extracted/imagens_torres_300/images/default/DJI_20250911105212_0227_V.jpg,1126,isoladores,2565.0,1221.0,36.8,216.4,7963.52,165,345,64,data/synthetic/tower_vision/v2026-04-16/anomaly_controlled_v1/source_crops/val/DJI_20250911105212_0227_V__1126__isoladores.png
DJI_20250911105212_0227_V__1127,val,DJI_20250911105212_0227_V,data/raw/tower_vision/v2026-04-16/extracted/imagens_torres_300/images/default/DJI_20250911105212_0227_V.jpg,1127,isoladores,2723.0,1035.1,31.0,210.2,6516.2,159,339,64,data/synthetic/tower_vision/v2026-04-16/anomaly_controlled_v1/source_crops/val/DJI_20250911105212_0227_V__1127__isoladores.png
DJI_20250911105212_0227_V__1129,val,DJI_20250911105212_0227_V,data/raw/tower_vision/v2026-04-16/extracted/imagens_torres_300/images/default/DJI_20250911105212_0227_V.jpg,1129,isoladores,2849.33,839.4,30.0,202.1,6063.0,159,331,64,data/synthetic/tower_vision/v2026-04-16/anomaly_controlled_v1/source_crops/val/DJI_20250911105212_0227_V__1129__isoladores.png
DJI_20250911105213_0228_V__1130,val,DJI_20250911105213_0228_V,data/raw/tower_vision/v2026-04-16/extracted/imagens_torres_300/images/default/DJI_20250911105213_0228_V.jpg,1130,isoladores,2852.0,838.6,30.0,200.1,6003.0,158,329,64,data/synthetic/tower_vision/v2026-04-16/anomaly_controlled_v1/source_crops/val/DJI_20250911105213_0228_V__1130__isoladores.png
DJI_20250911105213_0228_V__1131,val,DJI_20250911105213_0228_V,data/raw/tower_vision/v2026-04-16/extracted/imagens_torres_300/images/default/DJI_20250911105213_0228_V.jpg,1131,isoladores,2721.18,1038.9,31.0,203.55,6310.05,160,333,64,data/synthetic/tower_vision/v2026-04-16/anomaly_controlled_v1/source_crops/val/DJI_20250911105213_0228_V__1131__isoladores.png
DJI_20250911105213_0228_V__1133,val,DJI_20250911105213_0228_V,data/raw/tower_vision/v2026-04-16/extracted/imagens_torres_300/images/default/DJI_20250911105213_0228_V.jpg,1133,isoladores,2559.4,1221.6,36.0,212.66,7655.76,165,342,64,data/synthetic/tower_vision/v2026-04-16/anomaly_controlled_v1/source_crops/val/DJI_20250911105213_0228_V__1133__isoladores.png
DJI_20250911105214_0229_V__1135,val,DJI_20250911105214_0229_V,data/raw/tower_vision/v2026-04-16/extracted/imagens_torres_300/images/default/DJI_20250911105214_0229_V.jpg,1135,isoladores,2855.0,836.9,30.4,202.1,6143.84,159,331,64,data/synthetic/tower_vision/v2026-04-16/anomaly_controlled_v1/source_crops/val/DJI_20250911105214_0229_V__1135__isoladores.png
DJI_20250911105214_0229_V__1138,val,DJI_20250911105214_0229_V,data/raw/tower_vision/v2026-04-16/extracted/imagens_torres_300/images/default/DJI_20250911105214_0229_V.jpg,1138,isoladores,2554.0,1223.5,37.0,215.5,7973.5,165,344,64,data/synthetic/tower_vision/v2026-04-16/anomaly_controlled_v1/source_crops/val/DJI_20250911105214_0229_V__1138__isoladores.png
DJI_20250911105214_0229_V__1139,val,DJI_20250911105214_0229_V,data/raw/tower_vision/v2026-04-16/extracted/imagens_torres_300/images/default/DJI_20250911105214_0229_V.jpg,1139,isoladores,2721.14,1039.5,30.0,203.14,6094.2,159,332,64,data/synthetic/tower_vision/v2026-04-16/anomaly_controlled_v1/source_crops/val/DJI_20250911105214_0229_V__1139__isoladores.png
DJI_20250911105214_0230_V__1140,val,DJI_20250911105214_0230_V,data/raw/tower_vision/v2026-04-16/extracted/imagens_torres_300/images/default/DJI_20250911105214_0230_V.jpg,1140,isoladores,2553.4,1221.0,34.6,212.9,7366.34,163,341,64,data/synthetic/tower_vision/v2026-04-16/anomaly_controlled_v1/source_crops/val/DJI_20250911105214_0230_V__1140__isoladores.png
DJI_20250911105214_0230_V__1142,val,DJI_20250911105214_0230_V,data/raw/tower_vision/v2026-04-16/extracted/imagens_torres_300/images/default/DJI_20250911105214_0230_V.jpg,1142,isoladores,2720.0,1034.3,32.0,208.3,6665.6,160,337,64,data/synthetic/tower_vision/v2026-04-16/anomaly_controlled_v1/source_crops/val/DJI_20250911105214_0230_V__1142__isoladores.png
DJI_20250911105214_0230_V__1143,val,DJI_20250911105214_0230_V,data/raw/tower_vision/v2026-04-16/extracted/imagens_torres_300/images/default/DJI_20250911105214_0230_V.jpg,1143,isoladores,2857.9,838.75,33.99,205.35,6979.85,163,335,64,data/synthetic/tower_vision/v2026-04-16/anomaly_controlled_v1/source_crops/val/DJI_20250911105214_0230_V__1143__isoladores.png
DJI_20250911105215_0231_V__1146,val,DJI_20250911105215_0231_V,data/raw/tower_vision/v2026-04-16/extracted/imagens_torres_300/images/default/DJI_20250911105215_0231_V.jpg,1146,isoladores,2547.5,1219.0,31.5,214.0,6741.0,160,342,64,data/synthetic/tower_vision/v2026-04-16/anomaly_controlled_v1/source_crops/val/DJI_20250911105215_0231_V__1146__isoladores.png
DJI_20250911105215_0231_V__1147,val,DJI_20250911105215_0231_V,data/raw/tower_vision/v2026-04-16/extracted/imagens_torres_300/images/default/DJI_20250911105215_0231_V.jpg,1147,isoladores,2719.0,1039.2,30.0,205.76,6172.8,158,334,64,data/synthetic/tower_vision/v2026-04-16/anomaly_controlled_v1/source_crops/val/DJI_20250911105215_0231_V__1147__isoladores.png
DJI_20250911105215_0231_V__1148,val,DJI_20250911105215_0231_V,data/raw/tower_vision/v2026-04-16/extracted/imagens_torres_300/images/default/DJI_20250911105215_0231_V.jpg,1148,isoladores,2860.99,839.49,31.61,203.01,6417.15,161,332,64,data/synthetic/tower_vision/v2026-04-16/anomaly_controlled_v1/source_crops/val/DJI_20250911105215_0231_V__1148__isoladores.png
DJI_20250911105216_0232_V__1152,val,DJI_20250911105216_0232_V,data/raw/tower_vision/v2026-04-16/extracted/imagens_torres_300/images/default/DJI_20250911105216_0232_V.jpg,1152,isoladores,2540.9,1218.0,33.1,212.9,7046.99,162,341,64,data/synthetic/tower_vision/v2026-04-16/anomaly_controlled_v1/source_crops/val/DJI_20250911105216_0232_V__1152__isoladores.png
DJI_20250911105216_0232_V__1153,val,DJI_20250911105216_0232_V,data/raw/tower_vision/v2026-04-16/extracted/imagens_torres_300/images/default/DJI_20250911105216_0232_V.jpg,1153,isoladores,2861.87,841.6,34.8,202.1,7033.08,164,331,64,data/synthetic/tower_vision/v2026-04-16/anomaly_controlled_v1/source_crops/val/DJI_20250911105216_0232_V__1153__isoladores.png
DJI_20250911105216_0232_V__1154,val,DJI_20250911105216_0232_V,data/raw/tower_vision/v2026-04-16/extracted/imagens_torres_300/images/default/DJI_20250911105216_0232_V.jpg,1154,isoladores,2717.0,1037.2,30.0,205.1,6153.0,158,334,64,data/synthetic/tower_vision/v2026-04-16/anomaly_controlled_v1/source_crops/val/DJI_20250911105216_0232_V__1154__isoladores.png
DJI_20250911105217_0233_V__1157,val,DJI_20250911105217_0233_V,data/raw/tower_vision/v2026-04-16/extracted/imagens_torres_300/images/default/DJI_20250911105217_0233_V.jpg,1157,isoladores,2535.0,1219.0,36.0,211.0,7596.0,164,339,64,data/synthetic/tower_vision/v2026-04-16/anomaly_controlled_v1/source_crops/val/DJI_20250911105217_0233_V__1157__isoladores.png
DJI_20250911105217_0233_V__1158,val,DJI_20250911105217_0233_V,data/raw/tower_vision/v2026-04-16/extracted/imagens_torres_300/images/default/DJI_20250911105217_0233_V.jpg,1158,isoladores,2865.0,840.0,33.0,205.6,6784.8,161,334,64,data/synthetic/tower_vision/v2026-04-16/anomaly_controlled_v1/source_crops/val/DJI_20250911105217_0233_V__1158__isoladores.png
DJI_20250911105217_0233_V__1159,val,DJI_20250911105217_0233_V,data/raw/tower_vision/v2026-04-16/extracted/imagens_torres_300/images/default/DJI_20250911105217_0233_V.jpg,1159,isoladores,2718.0,1038.0,31.0,204.0,6324.0,159,332,64,data/synthetic/tower_vision/v2026-04-16/anomaly_controlled_v1/source_crops/val/DJI_20250911105217_0233_V__1159__isoladores.png
DJI_20250911105217_0234_V__1160,val,DJI_20250911105217_0234_V,data/raw/tower_vision/v2026-04-16/extracted/imagens_torres_300/images/default/DJI_20250911105217_0234_V.jpg,1160,isoladores,2870.0,842.9,33.9,204.1,6918.99,162,333,64,data/synthetic/tower_vision/v2026-04-16/anomaly_controlled_v1/source_crops/val/DJI_20250911105217_0234_V__1160__isoladores.png
DJI_20250911105217_0234_V__1161,val,DJI_20250911105217_0234_V,data/raw/tower_vision/v2026-04-16/extracted/imagens_torres_300/images/default/DJI_20250911105217_0234_V.jpg,1161,isoladores,2716.0,1035.76,33.0,207.52,6848.16,161,337,64,data/synthetic/tower_vision/v2026-04-16/anomaly_controlled_v1/source_crops/val/DJI_20250911105217_0234_V__1161__isoladores.png
DJI_20250911105217_0234_V__1164,val,DJI_20250911105217_0234_V,data/raw/tower_vision/v2026-04-16/extracted/imagens_torres_300/images/default/DJI_20250911105217_0234_V.jpg,1164,isoladores,2528.0,1216.0,36.0,213.0,7668.0,164,341,64,data/synthetic/tower_vision/v2026-04-16/anomaly_controlled_v1/source_crops/val/DJI_20250911105217_0234_V__1164__isoladores.png
DJI_20250911105218_0235_V__1165,val,DJI_20250911105218_0235_V,data/raw/tower_vision/v2026-04-16/extracted/imagens_torres_300/images/default/DJI_20250911105218_0235_V.jpg,1165,isoladores,2524.75,1213.9,35.0,212.47,7436.45,164,342,64,data/synthetic/tower_vision/v2026-04-16/anomaly_controlled_v1/source_crops/val/DJI_20250911105218_0235_V__1165__isoladores.png
DJI_20250911105218_0235_V__1166,val,DJI_20250911105218_0235_V,data/raw/tower_vision/v2026-04-16/extracted/imagens_torres_300/images/default/DJI_20250911105218_0235_V.jpg,1166,isoladores,2873.8,840.6,38.11,204.2,7782.06,167,333,64,data/synthetic/tower_vision/v2026-04-16/anomaly_controlled_v1/source_crops/val/DJI_20250911105218_0235_V__1166__isoladores.png
DJI_20250911105218_0235_V__1169,val,DJI_20250911105218_0235_V,data/raw/tower_vision/v2026-04-16/extracted/imagens_torres_300/images/default/DJI_20250911105218_0235_V.jpg,1169,isoladores,2716.0,1037.6,31.9,203.5,6491.65,160,333,64,data/synthetic/tower_vision/v2026-04-16/anomaly_controlled_v1/source_crops/val/DJI_20250911105218_0235_V__1169__isoladores.png
DJI_20250911105219_0236_V__1171,val,DJI_20250911105219_0236_V,data/raw/tower_vision/v2026-04-16/extracted/imagens_torres_300/images/default/DJI_20250911105219_0236_V.jpg,1171,isoladores,2518.9,1207.0,33.2,214.0,7104.8,163,342,64,data/synthetic/tower_vision/v2026-04-16/anomaly_controlled_v1/source_crops/val/DJI_20250911105219_0236_V__1171__isoladores.png
DJI_20250911105219_0236_V__1172,val,DJI_20250911105219_0236_V,data/raw/tower_vision/v2026-04-16/extracted/imagens_torres_300/images/default/DJI_20250911105219_0236_V.jpg,1172,isoladores,2714.0,1035.52,33.0,202.98,6698.34,161,332,64,data/synthetic/tower_vision/v2026-04-16/anomaly_controlled_v1/source_crops/val/DJI_20250911105219_0236_V__1172__isoladores.png
DJI_20250911105219_0236_V__1173,val,DJI_20250911105219_0236_V,data/raw/tower_vision/v2026-04-16/extracted/imagens_torres_300/images/default/DJI_20250911105219_0236_V.jpg,1173,isoladores,2873.1,842.2,33.7,200.57,6759.21,162,329,64,data/synthetic/tower_vision/v2026-04-16/anomaly_controlled_v1/source_crops/val/DJI_20250911105219_0236_V__1173__isoladores.png
DJI_20250911105219_0237_V__1175,val,DJI_20250911105219_0237_V,data/raw/tower_vision/v2026-04-16/extracted/imagens_torres_300/images/default/DJI_20250911105219_0237_V.jpg,1175,isoladores,2710.95,1031.6,33.0,209.67,6919.11,162,339,64,data/synthetic/tower_vision/v2026-04-16/anomaly_controlled_v1/source_crops/val/DJI_20250911105219_0237_V__1175__isoladores.png
DJI_20250911105219_0237_V__1178,val,DJI_20250911105219_0237_V,data/raw/tower_vision/v2026-04-16/extracted/imagens_torres_300/images/default/DJI_20250911105219_0237_V.jpg,1178,isoladores,2511.0,1208.7,35.0,210.3,7360.5,163,339,64,data/synthetic/tower_vision/v2026-04-16/anomaly_controlled_v1/source_crops/val/DJI_20250911105219_0237_V__1178__isoladores.png
DJI_20250911105219_0237_V__1179,val,DJI_20250911105219_0237_V,data/raw/tower_vision/v2026-04-16/extracted/imagens_torres_300/images/default/DJI_20250911105219_0237_V.jpg,1179,isoladores,2877.7,843.9,33.6,198.46,6668.26,163,328,64,data/synthetic/tower_vision/v2026-04-16/anomaly_controlled_v1/source_crops/val/DJI_20250911105219_0237_V__1179__isoladores.png
DJI_20250911105220_0238_V__1180,val,DJI_20250911105220_0238_V,data/raw/tower_vision/v2026-04-16/extracted/imagens_torres_300/images/default/DJI_20250911105220_0238_V.jpg,1180,isoladores,2712.3,1030.7,31.0,208.6,6466.6,160,338,64,data/synthetic/tower_vision/v2026-04-16/anomaly_controlled_v1/source_crops/val/DJI_20250911105220_0238_V__1180__isoladores.png
DJI_20250911105220_0238_V__1181,val,DJI_20250911105220_0238_V,data/raw/tower_vision/v2026-04-16/extracted/imagens_torres_300/images/default/DJI_20250911105220_0238_V.jpg,1181,isoladores,2508.08,1201.82,34.0,215.88,7339.92,163,345,64,data/synthetic/tower_vision/v2026-04-16/anomaly_controlled_v1/source_crops/val/DJI_20250911105220_0238_V__1181__isoladores.png
DJI_20250911105220_0238_V__1184,val,DJI_20250911105220_0238_V,data/raw/tower_vision/v2026-04-16/extracted/imagens_torres_300/images/default/DJI_20250911105220_0238_V.jpg,1184,isoladores,2879.7,841.1,36.3,201.15,7301.74,165,330,64,data/synthetic/tower_vision/v2026-04-16/anomaly_controlled_v1/source_crops/val/DJI_20250911105220_0238_V__1184__isoladores.png
DJI_20250911105221_0239_V__1187,val,DJI_20250911105221_0239_V,data/raw/tower_vision/v2026-04-16/extracted/imagens_torres_300/images/default/DJI_20250911105221_0239_V.jpg,1187,isoladores,2715.75,1030.38,31.0,204.32,6333.92,160,333,64,data/synthetic/tower_vision/v2026-04-16/anomaly_controlled_v1/source_crops/val/DJI_20250911105221_0239_V__1187__isoladores.png
DJI_20250911105221_0239_V__1188,val,DJI_20250911105221_0239_V,data/raw/tower_vision/v2026-04-16/extracted/imagens_torres_300/images/default/DJI_20250911105221_0239_V.jpg,1188,isoladores,2507.0,1199.97,32.5,215.0,6987.5,161,344,64,data/synthetic/tower_vision/v2026-04-16/anomaly_controlled_v1/source_crops/val/DJI_20250911105221_0239_V__1188__isoladores.png
DJI_20250911105221_0239_V__1189,val,DJI_20250911105221_0239_V,data/raw/tower_vision/v2026-04-16/extracted/imagens_torres_300/images/default/DJI_20250911105221_0239_V.jpg,1189,isoladores,2886.9,843.23,34.1,201.17,6859.9,163,330,64,data/synthetic/tower_vision/v2026-04-16/anomaly_controlled_v1/source_crops/val/DJI_20250911105221_0239_V__1189__isoladores.png
DJI_20250911105221_0240_V__1191,val,DJI_20250911105221_0240_V,data/raw/tower_vision/v2026-04-16/extracted/imagens_torres_300/images/default/DJI_20250911105221_0240_V.jpg,1191,isoladores,2713.13,1029.4,33.0,205.13,6769.29,162,334,64,data/synthetic/tower_vision/v2026-04-16/anomaly_controlled_v1/source_crops/val/DJI_20250911105221_0240_V__1191__isoladores.png
DJI_20250911105221_0240_V__1193,val,DJI_20250911105221_0240_V,data/raw/tower_vision/v2026-04-16/extracted/imagens_torres_300/images/default/DJI_20250911105221_0240_V.jpg,1193,isoladores,2502.3,1191.01,36.66,218.89,8024.51,165,347,64,data/synthetic/tower_vision/v2026-04-16/anomaly_controlled_v1/source_crops/val/DJI_20250911105221_0240_V__1193__isoladores.png
DJI_20250911105221_0240_V__1194,val,DJI_20250911105221_0240_V,data/raw/tower_vision/v2026-04-16/extracted/imagens_torres_300/images/default/DJI_20250911105221_0240_V.jpg,1194,isoladores,2889.8,842.0,33.2,201.1,6676.52,162,330,64,data/synthetic/tower_vision/v2026-04-16/anomaly_controlled_v1/source_crops/val/DJI_20250911105221_0240_V__1194__isoladores.png
DJI_20250911105222_0241_V__1196,val,DJI_20250911105222_0241_V,data/raw/tower_vision/v2026-04-16/extracted/imagens_torres_300/images/default/DJI_20250911105222_0241_V.jpg,1196,isoladores,2715.0,1030.0,30.0,204.4,6132.0,158,333,64,data/synthetic/tower_vision/v2026-04-16/anomaly_controlled_v1/source_crops/val/DJI_20250911105222_0241_V__1196__isoladores.png
DJI_20250911105222_0241_V__1197,val,DJI_20250911105222_0241_V,data/raw/tower_vision/v2026-04-16/extracted/imagens_torres_300/images/default/DJI_20250911105222_0241_V.jpg,1197,isoladores,2892.88,845.9,35.72,197.94,7070.42,165,327,64,data/synthetic/tower_vision/v2026-04-16/anomaly_controlled_v1/source_crops/val/DJI_20250911105222_0241_V__1197__isoladores.png
DJI_20250911105222_0241_V__1198,val,DJI_20250911105222_0241_V,data/raw/tower_vision/v2026-04-16/extracted/imagens_torres_300/images/default/DJI_20250911105222_0241_V.jpg,1198,isoladores,2496.0,1198.7,36.1,209.3,7555.73,165,338,64,data/synthetic/tower_vision/v2026-04-16/anomaly_controlled_v1/source_crops/val/DJI_20250911105222_0241_V__1198__isoladores.png
DJI_20250911105223_0242_V__1200,val,DJI_20250911105223_0242_V,data/raw/tower_vision/v2026-04-16/extracted/imagens_torres_300/images/default/DJI_20250911105223_0242_V.jpg,1200,isoladores,2901.7,850.0,31.5,195.8,6167.7,161,324,64,data/synthetic/tower_vision/v2026-04-16/anomaly_controlled_v1/source_crops/val/DJI_20250911105223_0242_V__1200__isoladores.png
DJI_20250911105223_0242_V__1201,val,DJI_20250911105223_0242_V,data/raw/tower_vision/v2026-04-16/extracted/imagens_torres_300/images/default/DJI_20250911105223_0242_V.jpg,1201,isoladores,2717.0,1030.6,30.0,203.9,6117.0,158,333,64,data/synthetic/tower_vision/v2026-04-16/anomaly_controlled_v1/source_crops/val/DJI_20250911105223_0242_V__1201__isoladores.png
DJI_20250911105223_0242_V__1203,val,DJI_20250911105223_0242_V,data/raw/tower_vision/v2026-04-16/extracted/imagens_torres_300/images/default/DJI_20250911105223_0242_V.jpg,1203,isoladores,2492.0,1198.0,35.1,209.7,7360.47,164,338,64,data/synthetic/tower_vision/v2026-04-16/anomaly_controlled_v1/source_crops/val/DJI_20250911105223_0242_V__1203__isoladores.png
DJI_20250911105224_0243_V__1205,val,DJI_20250911105224_0243_V,data/raw/tower_vision/v2026-04-16/extracted/imagens_torres_300/images/default/DJI_20250911105224_0243_V.jpg,1205,isoladores,2903.0,848.5,31.97,199.08,6364.59,160,328,64,data/synthetic/tower_vision/v2026-04-16/anomaly_controlled_v1/source_crops/val/DJI_20250911105224_0243_V__1205__isoladores.png
DJI_20250911105224_0243_V__1206,val,DJI_20250911105224_0243_V,data/raw/tower_vision/v2026-04-16/extracted/imagens_torres_300/images/default/DJI_20250911105224_0243_V.jpg,1206,isoladores,2489.7,1194.4,32.3,214.1,6915.43,161,343,64,data/synthetic/tower_vision/v2026-04-16/anomaly_controlled_v1/source_crops/val/DJI_20250911105224_0243_V__1206__isoladores.png
DJI_20250911105224_0243_V__1209,val,DJI_20250911105224_0243_V,data/raw/tower_vision/v2026-04-16/extracted/imagens_torres_300/images/default/DJI_20250911105224_0243_V.jpg,1209,isoladores,2713.48,1029.43,32.0,202.27,6472.64,161,331,64,data/synthetic/tower_vision/v2026-04-16/anomaly_controlled_v1/source_crops/val/DJI_20250911105224_0243_V__1209__isoladores.png
DJI_20250911105224_0244_V__1211,val,DJI_20250911105224_0244_V,data/raw/tower_vision/v2026-04-16/extracted/imagens_torres_300/images/default/DJI_20250911105224_0244_V.jpg,1211,isoladores,2485.3,1190.08,30.7,212.22,6515.15,159,341,64,data/synthetic/tower_vision/v2026-04-16/anomaly_controlled_v1/source_crops/val/DJI_20250911105224_0244_V__1211__isoladores.png
DJI_20250911105224_0244_V__1212,val,DJI_20250911105224_0244_V,data/raw/tower_vision/v2026-04-16/extracted/imagens_torres_300/images/default/DJI_20250911105224_0244_V.jpg,1212,isoladores,2902.6,847.98,32.8,201.02,6593.46,162,330,64,data/synthetic/tower_vision/v2026-04-16/anomaly_controlled_v1/source_crops/val/DJI_20250911105224_0244_V__1212__isoladores.png
DJI_20250911105224_0244_V__1213,val,DJI_20250911105224_0244_V,data/raw/tower_vision/v2026-04-16/extracted/imagens_torres_300/images/default/DJI_20250911105224_0244_V.jpg,1213,isoladores,2711.5,1030.0,32.0,202.5,6480.0,161,331,64,data/synthetic/tower_vision/v2026-04-16/anomaly_controlled_v1/source_crops/val/DJI_20250911105224_0244_V__1213__isoladores.png
DJI_20250911105225_0245_V__1215,val,DJI_20250911105225_0245_V,data/raw/tower_vision/v2026-04-16/extracted/imagens_torres_300/images/default/DJI_20250911105225_0245_V.jpg,1215,isoladores,2905.0,848.2,33.5,199.9,6696.65,162,329,64,data/synthetic/tower_vision/v2026-04-16/anomaly_controlled_v1/source_crops/val/DJI_20250911105225_0245_V__1215__isoladores.png
DJI_20250911105225_0245_V__1216,val,DJI_20250911105225_0245_V,data/raw/tower_vision/v2026-04-16/extracted/imagens_torres_300/images/default/DJI_20250911105225_0245_V.jpg,1216,isoladores,2710.0,1031.0,33.0,199.4,6580.2,161,328,64,data/synthetic/tower_vision/v2026-04-16/anomaly_controlled_v1/source_crops/val/DJI_20250911105225_0245_V__1216__isoladores.png
DJI_20250911105225_0245_V__1217,val,DJI_20250911105225_0245_V,data/raw/tower_vision/v2026-04-16/extracted/imagens_torres_300/images/default/DJI_20250911105225_0245_V.jpg,1217,isoladores,2479.8,1185.0,32.8,216.9,7114.32,162,345,64,data/synthetic/tower_vision/v2026-04-16/anomaly_controlled_v1/source_crops/val/DJI_20250911105225_0245_V__1217__isoladores.png
DJI_20250911105226_0246_V__1221,val,DJI_20250911105226_0246_V,data/raw/tower_vision/v2026-04-16/extracted/imagens_torres_300/images/default/DJI_20250911105226_0246_V.jpg,1221,isoladores,2711.0,1027.0,32.0,197.0,6304.0,160,325,64,data/synthetic/tower_vision/v2026-04-16/anomaly_controlled_v1/source_crops/val/DJI_20250911105226_0246_V__1221__isoladores.png
DJI_20250911105226_0246_V__1222,val,DJI_20250911105226_0246_V,data/raw/tower_vision/v2026-04-16/extracted/imagens_torres_300/images/default/DJI_20250911105226_0246_V.jpg,1222,isoladores,2473.0,1188.6,36.0,206.4,7430.4,164,335,64,data/synthetic/tower_vision/v2026-04-16/anomaly_controlled_v1/source_crops/val/DJI_20250911105226_0246_V__1222__isoladores.png
DJI_20250911105226_0246_V__1223,val,DJI_20250911105226_0246_V,data/raw/tower_vision/v2026-04-16/extracted/imagens_torres_300/images/default/DJI_20250911105226_0246_V.jpg,1223,isoladores,2910.8,850.0,34.2,199.2,6812.64,163,328,64,data/synthetic/tower_vision/v2026-04-16/anomaly_controlled_v1/source_crops/val/DJI_20250911105226_0246_V__1223__isoladores.png
DJI_20250911105226_0247_V__1225,val,DJI_20250911105226_0247_V,data/raw/tower_vision/v2026-04-16/extracted/imagens_torres_300/images/default/DJI_20250911105226_0247_V.jpg,1225,isoladores,2470.24,1179.9,38.0,219.02,8322.76,167,348,64,data/synthetic/tower_vision/v2026-04-16/anomaly_controlled_v1/source_crops/val/DJI_20250911105226_0247_V__1225__isoladores.png
DJI_20250911105226_0247_V__1227,val,DJI_20250911105226_0247_V,data/raw/tower_vision/v2026-04-16/extracted/imagens_torres_300/images/default/DJI_20250911105226_0247_V.jpg,1227,isoladores,2913.2,850.8,32.61,197.8,6450.26,161,327,64,data/synthetic/tower_vision/v2026-04-16/anomaly_controlled_v1/source_crops/val/DJI_20250911105226_0247_V__1227__isoladores.png
DJI_20250911105226_0247_V__1229,val,DJI_20250911105226_0247_V,data/raw/tower_vision/v2026-04-16/extracted/imagens_torres_300/images/default/DJI_20250911105226_0247_V.jpg,1229,isoladores,2711.0,1029.2,33.0,203.58,6718.14,161,332,64,data/synthetic/tower_vision/v2026-04-16/anomaly_controlled_v1/source_crops/val/DJI_20250911105226_0247_V__1229__isoladores.png
DJI_20250911105227_0248_V__1232,val,DJI_20250911105227_0248_V,data/raw/tower_vision/v2026-04-16/extracted/imagens_torres_300/images/default/DJI_20250911105227_0248_V.jpg,1232,isoladores,2916.19,849.8,34.0,201.84,6862.56,163,331,64,data/synthetic/tower_vision/v2026-04-16/anomaly_controlled_v1/source_crops/val/DJI_20250911105227_0248_V__1232__isoladores.png
DJI_20250911105227_0248_V__1233,val,DJI_20250911105227_0248_V,data/raw/tower_vision/v2026-04-16/extracted/imagens_torres_300/images/default/DJI_20250911105227_0248_V.jpg,1233,isoladores,2709.0,1023.8,36.0,210.2,7567.2,164,339,64,data/synthetic/tower_vision/v2026-04-16/anomaly_controlled_v1/source_crops/val/DJI_20250911105227_0248_V__1233__isoladores.png
DJI_20250911105227_0248_V__1234,val,DJI_20250911105227_0248_V,data/raw/tower_vision/v2026-04-16/extracted/imagens_torres_300/images/default/DJI_20250911105227_0248_V.jpg,1234,isoladores,2465.66,1175.51,36.0,219.49,7901.64,165,348,64,data/synthetic/tower_vision/v2026-04-16/anomaly_controlled_v1/source_crops/val/DJI_20250911105227_0248_V__1234__isoladores.png
DJI_20250911105228_0249_V__1235,val,DJI_20250911105228_0249_V,data/raw/tower_vision/v2026-04-16/extracted/imagens_torres_300/images/default/DJI_20250911105228_0249_V.jpg,1235,isoladores,2461.08,1181.1,38.0,212.08,8059.04,167,341,64,data/synthetic/tower_vision/v2026-04-16/anomaly_controlled_v1/source_crops/val/DJI_20250911105228_0249_V__1235__isoladores.png
DJI_20250911105228_0249_V__1238,val,DJI_20250911105228_0249_V,data/raw/tower_vision/v2026-04-16/extracted/imagens_torres_300/images/default/DJI_20250911105228_0249_V.jpg,1238,isoladores,2711.0,1031.0,34.0,200.0,6800.0,162,328,64,data/synthetic/tower_vision/v2026-04-16/anomaly_controlled_v1/source_crops/val/DJI_20250911105228_0249_V__1238__isoladores.png
DJI_20250911105228_0249_V__1239,val,DJI_20250911105228_0249_V,data/raw/tower_vision/v2026-04-16/extracted/imagens_torres_300/images/default/DJI_20250911105228_0249_V.jpg,1239,isoladores,2918.84,854.9,34.16,197.58,6749.33,163,327,64,data/synthetic/tower_vision/v2026-04-16/anomaly_controlled_v1/source_crops/val/DJI_20250911105228_0249_V__1239__isoladores.png
DJI_20250911105228_0250_V__1241,val,DJI_20250911105228_0250_V,data/raw/tower_vision/v2026-04-16/extracted/imagens_torres_300/images/default/DJI_20250911105228_0250_V.jpg,1241,isoladores,2923.5,855.62,37.36,196.18,7329.28,166,325,64,data/synthetic/tower_vision/v2026-04-16/anomaly_controlled_v1/source_crops/val/DJI_20250911105228_0250_V__1241__isoladores.png
DJI_20250911105228_0250_V__1242,val,DJI_20250911105228_0250_V,data/raw/tower_vision/v2026-04-16/extracted/imagens_torres_300/images/default/DJI_20250911105228_0250_V.jpg,1242,isoladores,2711.0,1030.0,33.0,197.4,6514.2,161,326,64,data/synthetic/tower_vision/v2026-04-16/anomaly_controlled_v1/source_crops/val/DJI_20250911105228_0250_V__1242__isoladores.png
DJI_20250911105228_0250_V__1243,val,DJI_20250911105228_0250_V,data/raw/tower_vision/v2026-04-16/extracted/imagens_torres_300/images/default/DJI_20250911105228_0250_V.jpg,1243,isoladores,2460.26,1177.43,33.4,214.0,7147.6,162,343,64,data/synthetic/tower_vision/v2026-04-16/anomaly_controlled_v1/source_crops/val/DJI_20250911105228_0250_V__1243__isoladores.png
DJI_20250911105229_0251_V__1245,val,DJI_20250911105229_0251_V,data/raw/tower_vision/v2026-04-16/extracted/imagens_torres_300/images/default/DJI_20250911105229_0251_V.jpg,1245,isoladores,2457.25,1172.62,36.0,215.0,7740.0,165,344,64,data/synthetic/tower_vision/v2026-04-16/anomaly_controlled_v1/source_crops/val/DJI_20250911105229_0251_V__1245__isoladores.png
DJI_20250911105229_0251_V__1247,val,DJI_20250911105229_0251_V,data/raw/tower_vision/v2026-04-16/extracted/imagens_torres_300/images/default/DJI_20250911105229_0251_V.jpg,1247,isoladores,2926.38,850.6,37.72,200.4,7559.09,167,329,64,data/synthetic/tower_vision/v2026-04-16/anomaly_controlled_v1/source_crops/val/DJI_20250911105229_0251_V__1247__isoladores.png
DJI_20250911105229_0251_V__1248,val,DJI_20250911105229_0251_V,data/raw/tower_vision/v2026-04-16/extracted/imagens_torres_300/images/default/DJI_20250911105229_0251_V.jpg,1248,isoladores,2709.88,1017.37,35.0,211.0,7385.0,164,340,64,data/synthetic/tower_vision/v2026-04-16/anomaly_controlled_v1/source_crops/val/DJI_20250911105229_0251_V__1248__isoladores.png
